,term,Course_Name,enrolled,total_Seats
0,Fall 2005,CSC 203 [01 ],19,30
1,Fall 2005,CSC 210 [01 ],29,40
2,Fall 2005,CSC 210 [02 ],58,75
3,Fall 2005,CSC 211 [01 ],24,45
4,Fall 2005,CSC 212 [01 ],55,75
5,Fall 2005,CSC 213 [01 ],41,43
6,Fall 2005,CSC 214 [01 ],20,40
7,Fall 2005,CSC 305 [01 ],42,75
8,Fall 2005,CSC 310 [01 ],61,75
9,Fall 2005,CSC 313 [01 ],27,40
10,Fall 2005,CSC 313 [02 ],25,40
11,Fall 2005,CSC 413 [01 ],21,40
12,Fall 2005,CSC 413 [02 ],35,40
13,Fall 2005,CSC 415 [01 ],43,40
14,Fall 2005,CSC 510 [01 ],53,75
15,Fall 2005,CSC 520 [01 ],47,40
16,Fall 2005,CSC 600 [01 ],24,40
17,Fall 2005,CSC 600 [02 ],29,40
18,Fall 2005,CSC 615 [01 ],11,30
19,Fall 2005,CSC 630 [01 ],26,35
20,Fall 2005,CSC 640 [01 ],28,25
21,Fall 2005,CSC 641 [01 ],10,20
22,Fall 2005,CSC 650 [01 ],38,35
23,Fall 2005,CSC 664 [01 ],13,20
24,Fall 2005,CSC 668 [01 ],5,20
25,Fall 2005,CSC 675 [01 ],15,20
26,Fall 2005,CSC 693 [01 ],0,25
27,Fall 2005,CSC 693 [02 ],0,25
28,Fall 2005,CSC 694 [01 ],1,10
29,Fall 2005,CSC 694 [02 ],0,10
30,Fall 2005,CSC 694 [03 ],1,10
31,Fall 2005,CSC 695 [01 ],3,25
32,Fall 2005,CSC 697 [01 ],0,0
33,Fall 2005,CSC 699 [01 ],0,0
34,Fall 2005,CSC 699 [02 ],0,0
35,Fall 2005,CSC 699 [03 ],0,0
36,Fall 2005,CSC 730 [01 ],23,30
37,Fall 2005,CSC 775 [01 ],6,15
38,Fall 2005,CSC 810 [01 ],27,30
39,Fall 2005,CSC 835 [01 ],24,25
40,Fall 2005,CSC 841 [01 ],11,15
41,Fall 2005,CSC 848 [01 ],29,15
42,Fall 2005,CSC 858 [01 ],14,30
43,Fall 2005,CSC 864 [01 ],18,15
44,Fall 2005,CSC 868 [01 ],9,15
45,Fall 2005,CSC 870 [01 ],14,20
46,Fall 2005,CSC 893 [01 ],1,30
47,Fall 2005,CSC 895 [01 ],0,0
48,Fall 2005,CSC 897 [01 ],0,0
49,Fall 2005,CSC 897 [02 ],0,0
50,Fall 2005,CSC 897 [03 ],0,0
51,Fall 2005,CSC 897 [04 ],0,0
52,Fall 2005,CSC 898 [01 ],0,0
53,Fall 2005,CSC 899 [01 ],0,0
54,Fall 2005,CSC 899 [02 ],0,0
55,Fall 2005,CSC 899 [03 ],1,0
56,Fall 2005,CSC 897 [03 ],0,0
57,Fall 2005,CSC 897 [04 ],0,0
58,Fall 2005,CSC 898 [01 ],0,0
59,Fall 2005,CSC 899 [01 ],0,0
60,Fall 2005,CSC 899 [02 ],0,0
61,Fall 2005,CSC 899 [03 ],1,0
62,Fall 2005,CSC 897 [03 ],0,0
63,Fall 2005,CSC 897 [04 ],0,0
64,Fall 2005,CSC 898 [01 ],0,0
65,Fall 2005,CSC 899 [01 ],0,0
66,Fall 2005,CSC 899 [02 ],0,0
67,Fall 2005,CSC 899 [03 ],1,0
68,Fall 2005,CSC 897 [03 ],0,0
69,Fall 2005,CSC 897 [04 ],0,0
70,Fall 2005,CSC 898 [01 ],0,0
71,Fall 2005,CSC 899 [01 ],0,0
72,Fall 2005,CSC 899 [02 ],0,0
73,Fall 2005,CSC 899 [03 ],1,0
74,Spring 2006,CSC 202 [01 ],15,50
75,Spring 2006,CSC 203 [01 ],24,30
76,Spring 2006,CSC 205 [01 ],43,50
77,Spring 2006,CSC 210 [01 ],48,50
78,Spring 2006,CSC 210 [02 ],27,40
79,Spring 2006,CSC 210 [03 ],22,40
80,Spring 2006,CSC 211 [01 ],15,35
81,Spring 2006,CSC 212 [01 ],43,60
82,Spring 2006,CSC 213 [01 ],45,40
83,Spring 2006,CSC 305 [01 ],38,60
84,Spring 2006,CSC 310 [01 ],33,75
85,Spring 2006,CSC 313 [01 ],17,30
86,Spring 2006,CSC 313 [02 ],27,30
87,Spring 2006,CSC 413 [01 ],47,40
88,Spring 2006,CSC 415 [01 ],46,40
89,Spring 2006,CSC 510 [01 ],39,40
90,Spring 2006,CSC 520 [01 ],39,35
91,Spring 2006,CSC 600 [01 ],25,30
92,Spring 2006,CSC 600 [02 ],25,30
93,Spring 2006,CSC 630 [01 ],31,35
94,Spring 2006,CSC 639 [01 ],14,20
95,Spring 2006,CSC 645 [01 ],17,35
96,Spring 2006,CSC 650 [01 ],38,35
97,Spring 2006,CSC 656 [01 ],16,45
98,Spring 2006,CSC 667 [01 ],30,23
99,Spring 2006,CSC 668 [01 ],4,20
100,Spring 2006,CSC 693 [01 ],0,25
101,Spring 2006,CSC 693 [02 ],0,25
102,Spring 2006,CSC 694 [01 ],0,15
103,Spring 2006,CSC 694 [02 ],0,15
104,Spring 2006,CSC 694 [03 ],0,15
105,Spring 2006,CSC 695 [01 ],2,35
106,Spring 2006,CSC 697 [01 ],0,15
107,Spring 2006,CSC 699 [01 ],0,0
108,Spring 2006,CSC 699 [02 ],0,0
109,Spring 2006,CSC 699 [03 ],0,0
110,Spring 2006,CSC 720 [01 ],19,25
111,Spring 2006,CSC 745 [01 ],3,25
112,Spring 2006,CSC 810 [01 ],14,30
113,Spring 2006,CSC 830 [01 ],8,25
114,Spring 2006,CSC 840 [01 ],9,35
115,Spring 2006,CSC 842 [01 ],32,30
116,Spring 2006,CSC 845 [01 ],10,25
117,Spring 2006,CSC 846 [01 ],15,35
118,Spring 2006,CSC 857 [01 ],19,35
119,Spring 2006,CSC 867 [01 ],14,17
120,Spring 2006,CSC 868 [01 ],9,15
121,Spring 2006,CSC 875 [01 ],7,35
122,Spring 2006,CSC 893 [01 ],0,35
123,Spring 2006,CSC 895 [01 ],0,0
124,Spring 2006,CSC 897 [01 ],2,0
125,Spring 2006,CSC 897 [02 ],0,0
126,Spring 2006,CSC 897 [03 ],0,0
127,Spring 2006,CSC 897 [04 ],0,0
128,Spring 2006,CSC 898 [01 ],0,0
129,Spring 2006,CSC 899 [01 ],0,0
130,Spring 2006,CSC 899 [02 ],0,0
131,Spring 2006,CSC 899 [03 ],0,0
132,Spring 2006,CSC 897 [01 ],2,0
133,Spring 2006,CSC 897 [02 ],0,0
134,Spring 2006,CSC 897 [03 ],0,0
135,Spring 2006,CSC 897 [04 ],0,0
136,Spring 2006,CSC 898 [01 ],0,0
137,Spring 2006,CSC 899 [01 ],0,0
138,Spring 2006,CSC 899 [02 ],0,0
139,Spring 2006,CSC 899 [03 ],0,0
140,Spring 2006,CSC 897 [01 ],2,0
141,Spring 2006,CSC 897 [02 ],0,0
142,Spring 2006,CSC 897 [03 ],0,0
143,Spring 2006,CSC 897 [04 ],0,0
144,Spring 2006,CSC 898 [01 ],0,0
145,Spring 2006,CSC 899 [01 ],0,0
146,Spring 2006,CSC 899 [02 ],0,0
147,Spring 2006,CSC 899 [03 ],0,0
148,Spring 2006,CSC 897 [01 ],2,0
149,Spring 2006,CSC 897 [02 ],0,0
150,Spring 2006,CSC 897 [03 ],0,0
151,Spring 2006,CSC 897 [04 ],0,0
152,Spring 2006,CSC 898 [01 ],0,0
153,Spring 2006,CSC 899 [01 ],0,0
154,Spring 2006,CSC 899 [02 ],0,0
155,Spring 2006,CSC 899 [03 ],0,0
156,Fall 2006,CSC 101 [01 ],46,75
157,Fall 2006,CSC 203 [01 ],20,30
158,Fall 2006,CSC 209 [01 ],24,40
159,Fall 2006,CSC 210 [01 ],23,40
160,Fall 2006,CSC 210 [02 ],30,40
161,Fall 2006,CSC 210 [03 ],28,40
162,Fall 2006,CSC 211 [01 ],26,40
163,Fall 2006,CSC 212 [01 ],36,75
164,Fall 2006,CSC 213 [01 ],39,60
165,Fall 2006,CSC 217 [01 ],13,40
166,Fall 2006,CSC 305 [01 ],31,75
167,Fall 2006,CSC 310 [01 ],34,75
168,Fall 2006,CSC 313 [01 ],30,40
169,Fall 2006,CSC 313 [02 ],21,40
170,Fall 2006,CSC 338 [01 ],3,20
171,Fall 2006,CSC 413 [01 ],19,30
172,Fall 2006,CSC 413 [02 ],28,30
173,Fall 2006,CSC 415 [01 ],31,35
174,Fall 2006,CSC 510 [01 ],35,35
175,Fall 2006,CSC 520 [01 ],34,30
176,Fall 2006,CSC 600 [01 ],21,30
177,Fall 2006,CSC 600 [02 ],25,30
178,Fall 2006,CSC 615 [01 ],10,30
179,Fall 2006,CSC 631 [01 ],16,35
180,Fall 2006,CSC 637 [01 ],11,35
181,Fall 2006,CSC 639 [01 ],13,20
182,Fall 2006,CSC 640 [01 ],21,25
183,Fall 2006,CSC 641 [01 ],7,20
184,Fall 2006,CSC 650 [01 ],11,35
185,Fall 2006,CSC 664 [01 ],7,15
186,Fall 2006,CSC 667 [Q500 ],1,20
187,Fall 2006,CSC 668 [01 ],4,20
188,Fall 2006,CSC 675 [01 ],16,20
189,Fall 2006,CSC 693 [01 ],0,25
190,Fall 2006,CSC 693 [02 ],0,25
191,Fall 2006,CSC 694 [01 ],1,10
192,Fall 2006,CSC 694 [02 ],1,10
193,Fall 2006,CSC 694 [03 ],0,10
194,Fall 2006,CSC 697 [01 ],0,0
195,Fall 2006,CSC 699 [01 ],0,0
196,Fall 2006,CSC 699 [02 ],0,0
197,Fall 2006,CSC 699 [03 ],0,0
198,Fall 2006,CSC 730 [01 ],25,25
199,Fall 2006,CSC 775 [01 ],3,15
200,Fall 2006,CSC 810 [01 ],21,30
201,Fall 2006,CSC 835 [01 ],33,30
202,Fall 2006,CSC 841 [01 ],5,15
203,Fall 2006,CSC 848 [01 ],19,20
204,Fall 2006,CSC 858 [01 ],13,25
205,Fall 2006,CSC 864 [01 ],11,15
206,Fall 2006,CSC 868 [01 ],7,15
207,Fall 2006,CSC 893 [01 ],7,30
208,Fall 2006,CSC 895 [01 ],0,0
209,Fall 2006,CSC 897 [01 ],0,0
210,Fall 2006,CSC 897 [02 ],0,0
211,Fall 2006,CSC 897 [03 ],0,0
212,Fall 2006,CSC 897 [04 ],0,0
213,Fall 2006,CSC 898 [01 ],0,0
214,Fall 2006,CSC 899 [01 ],0,0
215,Fall 2006,CSC 899 [02 ],0,0
216,Fall 2006,CSC 899 [03 ],0,0
217,Fall 2006,CSC 868 [01 ],7,15
218,Fall 2006,CSC 893 [01 ],7,30
219,Fall 2006,CSC 895 [01 ],0,0
220,Fall 2006,CSC 897 [01 ],0,0
221,Fall 2006,CSC 897 [02 ],0,0
222,Fall 2006,CSC 897 [03 ],0,0
223,Fall 2006,CSC 897 [04 ],0,0
224,Fall 2006,CSC 898 [01 ],0,0
225,Fall 2006,CSC 899 [01 ],0,0
226,Fall 2006,CSC 899 [02 ],0,0
227,Fall 2006,CSC 899 [03 ],0,0
228,Fall 2006,CSC 868 [01 ],7,15
229,Fall 2006,CSC 893 [01 ],7,30
230,Fall 2006,CSC 895 [01 ],0,0
231,Fall 2006,CSC 897 [01 ],0,0
232,Fall 2006,CSC 897 [02 ],0,0
233,Fall 2006,CSC 897 [03 ],0,0
234,Fall 2006,CSC 897 [04 ],0,0
235,Fall 2006,CSC 898 [01 ],0,0
236,Fall 2006,CSC 899 [01 ],0,0
237,Fall 2006,CSC 899 [02 ],0,0
238,Fall 2006,CSC 899 [03 ],0,0
239,Fall 2006,CSC 868 [01 ],7,15
240,Fall 2006,CSC 893 [01 ],7,30
241,Fall 2006,CSC 895 [01 ],0,0
242,Fall 2006,CSC 897 [01 ],0,0
243,Fall 2006,CSC 897 [02 ],0,0
244,Fall 2006,CSC 897 [03 ],0,0
245,Fall 2006,CSC 897 [04 ],0,0
246,Fall 2006,CSC 898 [01 ],0,0
247,Fall 2006,CSC 899 [01 ],0,0
248,Fall 2006,CSC 899 [02 ],0,0
249,Fall 2006,CSC 899 [03 ],0,0
250,Spring 2007,CSC 101 [01 ],42,75
251,Spring 2007,CSC 203 [01 ],19,30
252,Spring 2007,CSC 205 [01 ],37,50
253,Spring 2007,CSC 209 [01 ],26,40
254,Spring 2007,CSC 210 [01 ],40,40
255,Spring 2007,CSC 210 [02 ],24,40
256,Spring 2007,CSC 210 [03 ],18,40
257,Spring 2007,CSC 210 [04 ],24,40
258,Spring 2007,CSC 211 [01 ],22,40
259,Spring 2007,CSC 212 [01 ],53,60
260,Spring 2007,CSC 213 [01 ],26,40
261,Spring 2007,CSC 305 [01 ],22,60
262,Spring 2007,CSC 310 [01 ],32,75
263,Spring 2007,CSC 313 [01 ],20,30
264,Spring 2007,CSC 313 [02 ],19,30
265,Spring 2007,CSC 338 [01 ],8,20
266,Spring 2007,CSC 413 [01 ],21,30
267,Spring 2007,CSC 413 [02 ],32,30
268,Spring 2007,CSC 415 [01 ],14,30
269,Spring 2007,CSC 415 [02 ],18,30
270,Spring 2007,CSC 510 [01 ],31,40
271,Spring 2007,CSC 520 [01 ],27,40
272,Spring 2007,CSC 600 [01 ],15,30
273,Spring 2007,CSC 600 [02 ],18,30
274,Spring 2007,CSC 630 [01 ],27,35
275,Spring 2007,CSC 645 [01 ],12,20
276,Spring 2007,CSC 650 [01 ],17,35
277,Spring 2007,CSC 656 [01 ],12,35
278,Spring 2007,CSC 667 [01 ],22,20
279,Spring 2007,CSC 668 [01 ],4,20
280,Spring 2007,CSC 693 [01 ],0,25
281,Spring 2007,CSC 693 [02 ],0,25
282,Spring 2007,CSC 694 [01 ],0,15
283,Spring 2007,CSC 694 [02 ],0,15
284,Spring 2007,CSC 694 [03 ],0,15
285,Spring 2007,CSC 695 [01 ],4,30
286,Spring 2007,CSC 697 [01 ],0,15
287,Spring 2007,CSC 699 [01 ],0,5
288,Spring 2007,CSC 699 [02 ],0,5
289,Spring 2007,CSC 699 [03 ],0,5
290,Spring 2007,CSC 745 [01 ],4,15
291,Spring 2007,CSC 810 [01 ],21,30
292,Spring 2007,CSC 835 [01 ],20,20
293,Spring 2007,CSC 840 [01 ],6,30
294,Spring 2007,CSC 842 [01 ],20,30
295,Spring 2007,CSC 845 [01 ],15,30
296,Spring 2007,CSC 857 [01 ],12,30
297,Spring 2007,CSC 867 [01 ],8,15
298,Spring 2007,CSC 868 [01 ],11,15
299,Spring 2007,CSC 869 [01 ],8,30
300,Spring 2007,CSC 870 [01 ],5,15
301,Spring 2007,CSC 875 [01 ],6,30
302,Spring 2007,CSC 893 [01 ],1,35
303,Spring 2007,CSC 895 [01 ],0,5
304,Spring 2007,CSC 897 [01 ],1,5
305,Spring 2007,CSC 897 [02 ],0,5
306,Spring 2007,CSC 897 [03 ],0,5
307,Spring 2007,CSC 897 [04 ],0,5
308,Spring 2007,CSC 898 [01 ],1,0
309,Spring 2007,CSC 899 [01 ],0,0
310,Spring 2007,CSC 899 [02 ],0,0
311,Spring 2007,CSC 899 [03 ],2,0
312,Spring 2007,CSC 870 [01 ],5,15
313,Spring 2007,CSC 875 [01 ],6,30
314,Spring 2007,CSC 893 [01 ],1,35
315,Spring 2007,CSC 895 [01 ],0,5
316,Spring 2007,CSC 897 [01 ],1,5
317,Spring 2007,CSC 897 [02 ],0,5
318,Spring 2007,CSC 897 [03 ],0,5
319,Spring 2007,CSC 897 [04 ],0,5
320,Spring 2007,CSC 898 [01 ],1,0
321,Spring 2007,CSC 899 [01 ],0,0
322,Spring 2007,CSC 899 [02 ],0,0
323,Spring 2007,CSC 899 [03 ],2,0
324,Spring 2007,CSC 870 [01 ],5,15
325,Spring 2007,CSC 875 [01 ],6,30
326,Spring 2007,CSC 893 [01 ],1,35
327,Spring 2007,CSC 895 [01 ],0,5
328,Spring 2007,CSC 897 [01 ],1,5
329,Spring 2007,CSC 897 [02 ],0,5
330,Spring 2007,CSC 897 [03 ],0,5
331,Spring 2007,CSC 897 [04 ],0,5
332,Spring 2007,CSC 898 [01 ],1,0
333,Spring 2007,CSC 899 [01 ],0,0
334,Spring 2007,CSC 899 [02 ],0,0
335,Spring 2007,CSC 899 [03 ],2,0
336,Spring 2007,CSC 870 [01 ],5,15
337,Spring 2007,CSC 875 [01 ],6,30
338,Spring 2007,CSC 893 [01 ],1,35
339,Spring 2007,CSC 895 [01 ],0,5
340,Spring 2007,CSC 897 [01 ],1,5
341,Spring 2007,CSC 897 [02 ],0,5
342,Spring 2007,CSC 897 [03 ],0,5
343,Spring 2007,CSC 897 [04 ],0,5
344,Spring 2007,CSC 898 [01 ],1,0
345,Spring 2007,CSC 899 [01 ],0,0
346,Spring 2007,CSC 899 [02 ],0,0
347,Spring 2007,CSC 899 [03 ],2,0
348,Fall 2007,CSC 101 [01 ],45,50
349,Fall 2007,CSC 203 [01 ],22,30
350,Fall 2007,CSC 209 [01 ],15,30
351,Fall 2007,CSC 210 [01 ],23,30
352,Fall 2007,CSC 210 [02 ],24,30
353,Fall 2007,CSC 210 [03 ],18,30
354,Fall 2007,CSC 210 [04 ],19,30
355,Fall 2007,CSC 211 [01 ],21,40
356,Fall 2007,CSC 212 [01 ],52,50
357,Fall 2007,CSC 213 [01 ],27,30
358,Fall 2007,CSC 213 [02 ],26,20
359,Fall 2007,CSC 217 [01 ],27,30
360,Fall 2007,CSC 305 [01 ],28,30
361,Fall 2007,CSC 310 [01 ],28,45
362,Fall 2007,CSC 313 [01 ],15,30
363,Fall 2007,CSC 313 [02 ],19,30
364,Fall 2007,CSC 338 [01 ],6,15
365,Fall 2007,CSC 413 [01 ],18,30
366,Fall 2007,CSC 413 [02 ],25,30
367,Fall 2007,CSC 415 [01 ],22,30
368,Fall 2007,CSC 440 [01 ],11,30
369,Fall 2007,CSC 510 [01 ],20,30
370,Fall 2007,CSC 520 [01 ],25,30
371,Fall 2007,CSC 600 [01 ],35,30
372,Fall 2007,CSC 615 [01 ],14,30
373,Fall 2007,CSC 631 [01 ],15,20
374,Fall 2007,CSC 639 [01 ],22,17
375,Fall 2007,CSC 640 [01 ],14,25
376,Fall 2007,CSC 651 [01 ],23,30
377,Fall 2007,CSC 664 [01 ],7,15
378,Fall 2007,CSC 675 [01 ],14,15
379,Fall 2007,CSC 693 [01 ],0,25
380,Fall 2007,CSC 693 [02 ],0,25
381,Fall 2007,CSC 694 [01 ],0,10
382,Fall 2007,CSC 694 [02 ],1,10
383,Fall 2007,CSC 694 [03 ],0,10
384,Fall 2007,CSC 697 [01 ],0,0
385,Fall 2007,CSC 699 [01 ],0,0
386,Fall 2007,CSC 699 [02 ],0,0
387,Fall 2007,CSC 699 [03 ],0,0
388,Fall 2007,CSC 730 [01 ],20,20
389,Fall 2007,CSC 775 [01 ],6,15
390,Fall 2007,CSC 810 [01 ],20,30
391,Fall 2007,CSC 831 [01 ],4,10
392,Fall 2007,CSC 835 [01 ],19,25
393,Fall 2007,CSC 848 [01 ],23,15
394,Fall 2007,CSC 858 [01 ],5,30
395,Fall 2007,CSC 864 [01 ],14,15
396,Fall 2007,CSC 872 [01 ],15,20
397,Fall 2007,CSC 893 [01 ],8,30
398,Fall 2007,CSC 895 [01 ],0,0
399,Fall 2007,CSC 897 [01 ],0,0
400,Fall 2007,CSC 897 [02 ],0,0
401,Fall 2007,CSC 897 [03 ],0,0
402,Fall 2007,CSC 897 [04 ],0,0
403,Fall 2007,CSC 898 [01 ],0,0
404,Fall 2007,CSC 899 [01 ],0,0
405,Fall 2007,CSC 899 [02 ],0,0
406,Fall 2007,CSC 899 [03 ],0,0
407,Fall 2007,CSC 895 [01 ],0,0
408,Fall 2007,CSC 897 [01 ],0,0
409,Fall 2007,CSC 897 [02 ],0,0
410,Fall 2007,CSC 897 [03 ],0,0
411,Fall 2007,CSC 897 [04 ],0,0
412,Fall 2007,CSC 898 [01 ],0,0
413,Fall 2007,CSC 899 [01 ],0,0
414,Fall 2007,CSC 899 [02 ],0,0
415,Fall 2007,CSC 899 [03 ],0,0
416,Fall 2007,CSC 895 [01 ],0,0
417,Fall 2007,CSC 897 [01 ],0,0
418,Fall 2007,CSC 897 [02 ],0,0
419,Fall 2007,CSC 897 [03 ],0,0
420,Fall 2007,CSC 897 [04 ],0,0
421,Fall 2007,CSC 898 [01 ],0,0
422,Fall 2007,CSC 899 [01 ],0,0
423,Fall 2007,CSC 899 [02 ],0,0
424,Fall 2007,CSC 899 [03 ],0,0
425,Fall 2007,CSC 895 [01 ],0,0
426,Fall 2007,CSC 897 [01 ],0,0
427,Fall 2007,CSC 897 [02 ],0,0
428,Fall 2007,CSC 897 [03 ],0,0
429,Fall 2007,CSC 897 [04 ],0,0
430,Fall 2007,CSC 898 [01 ],0,0
431,Fall 2007,CSC 899 [01 ],0,0
432,Fall 2007,CSC 899 [02 ],0,0
433,Fall 2007,CSC 899 [03 ],0,0
434,Spring 2008,CSC 101 [01 ],44,50
435,Spring 2008,CSC 203 [01 ],25,30
436,Spring 2008,CSC 206 [01 ],15,30
437,Spring 2008,CSC 210 [01 ],27,30
438,Spring 2008,CSC 210 [02 ],16,30
439,Spring 2008,CSC 210 [03 ],18,30
440,Spring 2008,CSC 210 [04 ],20,30
441,Spring 2008,CSC 211 [01 ],18,40
442,Spring 2008,CSC 212 [01 ],54,50
443,Spring 2008,CSC 213 [01 ],36,30
444,Spring 2008,CSC 305 [01 ],33,30
445,Spring 2008,CSC 310 [01 ],47,45
446,Spring 2008,CSC 313 [01 ],18,30
447,Spring 2008,CSC 313 [02 ],28,30
448,Spring 2008,CSC 338 [01 ],5,15
449,Spring 2008,CSC 413 [01 ],20,30
450,Spring 2008,CSC 413 [02 ],32,30
451,Spring 2008,CSC 415 [01 ],19,30
452,Spring 2008,CSC 510 [01 ],32,30
453,Spring 2008,CSC 520 [01 ],40,30
454,Spring 2008,CSC 600 [01 ],19,30
455,Spring 2008,CSC 630 [01 ],21,30
456,Spring 2008,CSC 645 [01 ],4,15
457,Spring 2008,CSC 650 [01 ],15,30
458,Spring 2008,CSC 667 [01 ],18,20
459,Spring 2008,CSC 668 [01 ],2,15
460,Spring 2008,CSC 693 [01 ],0,25
461,Spring 2008,CSC 693 [02 ],0,25
462,Spring 2008,CSC 694 [01 ],0,15
463,Spring 2008,CSC 694 [02 ],0,15
464,Spring 2008,CSC 694 [03 ],0,15
465,Spring 2008,CSC 695 [01 ],2,25
466,Spring 2008,CSC 697 [01 ],0,15
467,Spring 2008,CSC 699 [01 ],0,5
468,Spring 2008,CSC 699 [02 ],0,5
469,Spring 2008,CSC 699 [03 ],0,5
470,Spring 2008,CSC 720 [01 ],8,25
471,Spring 2008,CSC 745 [01 ],5,15
472,Spring 2008,CSC 810 [01 ],12,30
473,Spring 2008,CSC 842 [01 ],37,30
474,Spring 2008,CSC 845 [01 ],13,30
475,Spring 2008,CSC 846 [01 ],5,30
476,Spring 2008,CSC 857 [01 ],5,30
477,Spring 2008,CSC 867 [01 ],10,10
478,Spring 2008,CSC 868 [01 ],6,15
479,Spring 2008,CSC 869 [01 ],15,30
480,Spring 2008,CSC 875 [01 ],10,30
481,Spring 2008,CSC 893 [01 ],2,35
482,Spring 2008,CSC 895 [01 ],0,5
483,Spring 2008,CSC 897 [01 ],0,5
484,Spring 2008,CSC 897 [02 ],0,5
485,Spring 2008,CSC 897 [03 ],0,5
486,Spring 2008,CSC 897 [04 ],0,5
487,Spring 2008,CSC 898 [01 ],0,0
488,Spring 2008,CSC 899 [01 ],0,0
489,Spring 2008,CSC 899 [02 ],0,0
490,Spring 2008,CSC 899 [03 ],0,0
491,Spring 2008,CSC 897 [02 ],0,5
492,Spring 2008,CSC 897 [03 ],0,5
493,Spring 2008,CSC 897 [04 ],0,5
494,Spring 2008,CSC 898 [01 ],0,0
495,Spring 2008,CSC 899 [01 ],0,0
496,Spring 2008,CSC 899 [02 ],0,0
497,Spring 2008,CSC 899 [03 ],0,0
498,Spring 2008,CSC 897 [02 ],0,5
499,Spring 2008,CSC 897 [03 ],0,5
500,Spring 2008,CSC 897 [04 ],0,5
501,Spring 2008,CSC 898 [01 ],0,0
502,Spring 2008,CSC 899 [01 ],0,0
503,Spring 2008,CSC 899 [02 ],0,0
504,Spring 2008,CSC 899 [03 ],0,0
505,Spring 2008,CSC 897 [02 ],0,5
506,Spring 2008,CSC 897 [03 ],0,5
507,Spring 2008,CSC 897 [04 ],0,5
508,Spring 2008,CSC 898 [01 ],0,0
509,Spring 2008,CSC 899 [01 ],0,0
510,Spring 2008,CSC 899 [02 ],0,0
511,Spring 2008,CSC 899 [03 ],0,0
512,Fall 2008,CSC 101 [01 ],49,50
513,Fall 2008,CSC 203 [01 ],19,30
514,Fall 2008,CSC 210 [01 ],29,30
515,Fall 2008,CSC 210 [02 ],28,30
516,Fall 2008,CSC 210 [03 ],25,30
517,Fall 2008,CSC 210 [04 ],16,30
518,Fall 2008,CSC 211 [01 ],22,40
519,Fall 2008,CSC 212 [01 ],61,50
520,Fall 2008,CSC 213 [01 ],28,30
521,Fall 2008,CSC 213 [02 ],22,30
522,Fall 2008,CSC 305 [01 ],28,50
523,Fall 2008,CSC 309 [01 ],21,30
524,Fall 2008,CSC 310 [01 ],32,50
525,Fall 2008,CSC 313 [01 ],21,30
526,Fall 2008,CSC 313 [02 ],21,30
527,Fall 2008,CSC 317 [01 ],22,30
528,Fall 2008,CSC 330 [01 ],25,30
529,Fall 2008,CSC 413 [01 ],23,30
530,Fall 2008,CSC 413 [02 ],29,30
531,Fall 2008,CSC 415 [01 ],27,30
532,Fall 2008,CSC 510 [01 ],40,30
533,Fall 2008,CSC 520 [01 ],37,30
534,Fall 2008,CSC 600 [01 ],26,30
535,Fall 2008,CSC 615 [01 ],17,30
536,Fall 2008,CSC 640 [01 ],10,20
537,Fall 2008,CSC 641 [01 ],7,15
538,Fall 2008,CSC 658 [01 ],10,30
539,Fall 2008,CSC 664 [01 ],10,15
540,Fall 2008,CSC 675 [01 ],16,15
541,Fall 2008,CSC 693 [01 ],0,25
542,Fall 2008,CSC 693 [02 ],0,25
543,Fall 2008,CSC 694 [01 ],1,10
544,Fall 2008,CSC 694 [02 ],0,10
545,Fall 2008,CSC 694 [03 ],0,10
546,Fall 2008,CSC 695 [01 ],4,25
547,Fall 2008,CSC 697 [01 ],0,0
548,Fall 2008,CSC 699 [01 ],0,0
549,Fall 2008,CSC 699 [02 ],0,0
550,Fall 2008,CSC 699 [03 ],0,0
551,Fall 2008,CSC 730 [01 ],24,20
552,Fall 2008,CSC 775 [01 ],11,15
553,Fall 2008,CSC 825 [01 ],31,30
554,Fall 2008,CSC 835 [01 ],15,25
555,Fall 2008,CSC 841 [01 ],4,15
556,Fall 2008,CSC 848 [01 ],36,35
557,Fall 2008,CSC 858 [01 ],8,30
558,Fall 2008,CSC 864 [01 ],13,15
559,Fall 2008,CSC 872 [01 ],17,20
560,Fall 2008,CSC 893 [01 ],4,30
561,Fall 2008,CSC 895 [01 ],0,0
562,Fall 2008,CSC 897 [01 ],0,0
563,Fall 2008,CSC 897 [02 ],0,0
564,Fall 2008,CSC 897 [03 ],0,0
565,Fall 2008,CSC 897 [04 ],0,0
566,Fall 2008,CSC 898 [01 ],0,0
567,Fall 2008,CSC 899 [01 ],0,0
568,Fall 2008,CSC 899 [02 ],0,0
569,Fall 2008,CSC 899 [03 ],0,0
570,Fall 2008,CSC 897 [01 ],0,0
571,Fall 2008,CSC 897 [02 ],0,0
572,Fall 2008,CSC 897 [03 ],0,0
573,Fall 2008,CSC 897 [04 ],0,0
574,Fall 2008,CSC 898 [01 ],0,0
575,Fall 2008,CSC 899 [01 ],0,0
576,Fall 2008,CSC 899 [02 ],0,0
577,Fall 2008,CSC 899 [03 ],0,0
578,Fall 2008,CSC 897 [01 ],0,0
579,Fall 2008,CSC 897 [02 ],0,0
580,Fall 2008,CSC 897 [03 ],0,0
581,Fall 2008,CSC 897 [04 ],0,0
582,Fall 2008,CSC 898 [01 ],0,0
583,Fall 2008,CSC 899 [01 ],0,0
584,Fall 2008,CSC 899 [02 ],0,0
585,Fall 2008,CSC 899 [03 ],0,0
586,Fall 2008,CSC 897 [01 ],0,0
587,Fall 2008,CSC 897 [02 ],0,0
588,Fall 2008,CSC 897 [03 ],0,0
589,Fall 2008,CSC 897 [04 ],0,0
590,Fall 2008,CSC 898 [01 ],0,0
591,Fall 2008,CSC 899 [01 ],0,0
592,Fall 2008,CSC 899 [02 ],0,0
593,Fall 2008,CSC 899 [03 ],0,0
594,Spring 2009,CSC 101 [01 ],54,50
595,Spring 2009,CSC 210 [01 ],30,30
596,Spring 2009,CSC 210 [02 ],31,30
597,Spring 2009,CSC 210 [03 ],26,30
598,Spring 2009,CSC 210 [04 ],22,30
599,Spring 2009,CSC 211 [01 ],16,40
600,Spring 2009,CSC 212 [01 ],70,60
601,Spring 2009,CSC 213 [01 ],17,30
602,Spring 2009,CSC 213 [02 ],22,30
603,Spring 2009,CSC 305 [01 ],23,30
604,Spring 2009,CSC 310 [01 ],25,30
605,Spring 2009,CSC 313 [01 ],18,30
606,Spring 2009,CSC 313 [02 ],28,30
607,Spring 2009,CSC 330 [01 ],35,30
608,Spring 2009,CSC 413 [01 ],16,30
609,Spring 2009,CSC 413 [02 ],21,30
610,Spring 2009,CSC 415 [01 ],22,30
611,Spring 2009,CSC 510 [01 ],23,30
612,Spring 2009,CSC 520 [01 ],25,30
613,Spring 2009,CSC 600 [01 ],39,30
614,Spring 2009,CSC 630 [01 ],24,30
615,Spring 2009,CSC 650 [01 ],35,30
616,Spring 2009,CSC 667 [01 ],28,20
617,Spring 2009,CSC 668 [01 ],10,15
618,Spring 2009,CSC 693 [01 ],0,25
619,Spring 2009,CSC 693 [02 ],0,25
620,Spring 2009,CSC 694 [01 ],1,15
621,Spring 2009,CSC 694 [02 ],0,15
622,Spring 2009,CSC 694 [03 ],0,15
623,Spring 2009,CSC 695 [01 ],8,25
624,Spring 2009,CSC 697 [01 ],0,15
625,Spring 2009,CSC 699 [01 ],0,5
626,Spring 2009,CSC 699 [02 ],0,5
627,Spring 2009,CSC 699 [03 ],0,5
628,Spring 2009,CSC 720 [01 ],12,15
629,Spring 2009,CSC 840 [01 ],16,30
630,Spring 2009,CSC 842 [01 ],26,30
631,Spring 2009,CSC 845 [01 ],13,30
632,Spring 2009,CSC 857 [01 ],6,30
633,Spring 2009,CSC 867 [01 ],17,20
634,Spring 2009,CSC 868 [01 ],11,15
635,Spring 2009,CSC 869 [01 ],26,30
636,Spring 2009,CSC 875 [01 ],6,30
637,Spring 2009,CSC 893 [01 ],2,35
638,Spring 2009,CSC 895 [01 ],0,5
639,Spring 2009,CSC 897 [01 ],0,5
640,Spring 2009,CSC 897 [02 ],0,5
641,Spring 2009,CSC 897 [03 ],0,5
642,Spring 2009,CSC 897 [04 ],0,5
643,Spring 2009,CSC 898 [01 ],0,0
644,Spring 2009,CSC 899 [01 ],0,0
645,Spring 2009,CSC 899 [02 ],0,0
646,Spring 2009,CSC 899 [03 ],0,0
647,Spring 2009,CSC 899 [01 ],0,0
648,Spring 2009,CSC 899 [02 ],0,0
649,Spring 2009,CSC 899 [03 ],0,0
650,Spring 2009,CSC 899 [01 ],0,0
651,Spring 2009,CSC 899 [02 ],0,0
652,Spring 2009,CSC 899 [03 ],0,0
653,Spring 2009,CSC 899 [01 ],0,0
654,Spring 2009,CSC 899 [02 ],0,0
655,Spring 2009,CSC 899 [03 ],0,0
656,Fall 2009,CSC 101 [01 ],68,65
657,Fall 2009,CSC 210 [01 ],41,35
658,Fall 2009,CSC 210 [02 ],38,35
659,Fall 2009,CSC 210 [03 ],24,30
660,Fall 2009,CSC 210 [04 ],25,30
661,Fall 2009,CSC 211 [01 ],24,35
662,Fall 2009,CSC 212 [01 ],65,65
663,Fall 2009,CSC 213 [01 ],17,35
664,Fall 2009,CSC 213 [02 ],26,35
665,Fall 2009,CSC 305 [01 ],39,45
666,Fall 2009,CSC 307 [01 ],13,35
667,Fall 2009,CSC 309 [01 ],33,35
668,Fall 2009,CSC 310 [01 ],40,55
669,Fall 2009,CSC 313 [01 ],17,30
670,Fall 2009,CSC 313 [02 ],17,30
671,Fall 2009,CSC 330 [01 ],37,35
672,Fall 2009,CSC 413 [01 ],25,30
673,Fall 2009,CSC 413 [02 ],26,30
674,Fall 2009,CSC 415 [01 ],32,30
675,Fall 2009,CSC 510 [01 ],35,35
676,Fall 2009,CSC 520 [01 ],28,35
677,Fall 2009,CSC 600 [01 ],13,30
678,Fall 2009,CSC 600 [02 ],16,30
679,Fall 2009,CSC 615 [01 ],10,25
680,Fall 2009,CSC 631 [01 ],13,20
681,Fall 2009,CSC 640 [01 ],15,22
682,Fall 2009,CSC 641 [01 ],4,20
683,Fall 2009,CSC 658 [01 ],11,30
684,Fall 2009,CSC 664 [01 ],6,20
685,Fall 2009,CSC 675 [01 ],18,20
686,Fall 2009,CSC 693 [01 ],0,25
687,Fall 2009,CSC 693 [02 ],0,25
688,Fall 2009,CSC 694 [01 ],0,10
689,Fall 2009,CSC 694 [02 ],0,10
690,Fall 2009,CSC 694 [03 ],0,10
691,Fall 2009,CSC 695 [01 ],8,20
692,Fall 2009,CSC 697 [01 ],0,0
693,Fall 2009,CSC 699 [01 ],0,0
694,Fall 2009,CSC 699 [02 ],0,0
695,Fall 2009,CSC 699 [03 ],0,0
696,Fall 2009,CSC 720 [01 ],31,25
697,Fall 2009,CSC 775 [01 ],4,20
698,Fall 2009,CSC 810 [01 ],38,35
699,Fall 2009,CSC 831 [01 ],7,20
700,Fall 2009,CSC 841 [01 ],7,20
701,Fall 2009,CSC 848 [01 ],18,38
702,Fall 2009,CSC 864 [01 ],10,20
703,Fall 2009,CSC 872 [01 ],7,25
704,Fall 2009,CSC 893 [01 ],4,30
705,Fall 2009,CSC 895 [01 ],0,0
706,Fall 2009,CSC 897 [01 ],0,0
707,Fall 2009,CSC 897 [02 ],0,0
708,Fall 2009,CSC 897 [03 ],0,0
709,Fall 2009,CSC 897 [04 ],0,0
710,Fall 2009,CSC 898 [01 ],0,0
711,Fall 2009,CSC 899 [01 ],0,0
712,Fall 2009,CSC 899 [02 ],0,0
713,Fall 2009,CSC 899 [03 ],0,0
714,Fall 2009,CSC 897 [01 ],0,0
715,Fall 2009,CSC 897 [02 ],0,0
716,Fall 2009,CSC 897 [03 ],0,0
717,Fall 2009,CSC 897 [04 ],0,0
718,Fall 2009,CSC 898 [01 ],0,0
719,Fall 2009,CSC 899 [01 ],0,0
720,Fall 2009,CSC 899 [02 ],0,0
721,Fall 2009,CSC 899 [03 ],0,0
722,Fall 2009,CSC 897 [01 ],0,0
723,Fall 2009,CSC 897 [02 ],0,0
724,Fall 2009,CSC 897 [03 ],0,0
725,Fall 2009,CSC 897 [04 ],0,0
726,Fall 2009,CSC 898 [01 ],0,0
727,Fall 2009,CSC 899 [01 ],0,0
728,Fall 2009,CSC 899 [02 ],0,0
729,Fall 2009,CSC 899 [03 ],0,0
730,Fall 2009,CSC 897 [01 ],0,0
731,Fall 2009,CSC 897 [02 ],0,0
732,Fall 2009,CSC 897 [03 ],0,0
733,Fall 2009,CSC 897 [04 ],0,0
734,Fall 2009,CSC 898 [01 ],0,0
735,Fall 2009,CSC 899 [01 ],0,0
736,Fall 2009,CSC 899 [02 ],0,0
737,Fall 2009,CSC 899 [03 ],0,0
738,Spring 2010,CSC 101 [01 ],69,70
739,Spring 2010,CSC 203 [01 ],30,25
740,Spring 2010,CSC 210 [01 ],23,25
741,Spring 2010,CSC 210 [02 ],27,25
742,Spring 2010,CSC 210 [03 ],24,20
743,Spring 2010,CSC 211 [01 ],15,40
744,Spring 2010,CSC 213 [01 ],29,25
745,Spring 2010,CSC 213 [02 ],25,25
746,Spring 2010,CSC 305 [01 ],45,45
747,Spring 2010,CSC 310 [01 ],21,25
748,Spring 2010,CSC 313 [01 ],17,25
749,Spring 2010,CSC 313 [02 ],20,25
750,Spring 2010,CSC 330 [01 ],44,25
751,Spring 2010,CSC 413 [01 ],12,25
752,Spring 2010,CSC 413 [02 ],15,25
753,Spring 2010,CSC 415 [01 ],41,25
754,Spring 2010,CSC 510 [01 ],36,25
755,Spring 2010,CSC 520 [01 ],24,25
756,Spring 2010,CSC 600 [01 ],16,15
757,Spring 2010,CSC 600 [02 ],19,15
758,Spring 2010,CSC 621 [01 ],17,15
759,Spring 2010,CSC 667 [01 ],17,15
760,Spring 2010,CSC 668 [01 ],16,15
761,Spring 2010,CSC 693 [01 ],0,25
762,Spring 2010,CSC 693 [02 ],0,25
763,Spring 2010,CSC 694 [01 ],0,15
764,Spring 2010,CSC 694 [02 ],0,15
765,Spring 2010,CSC 694 [03 ],0,15
766,Spring 2010,CSC 695 [01 ],20,25
767,Spring 2010,CSC 697 [01 ],0,15
768,Spring 2010,CSC 699 [01 ],0,5
769,Spring 2010,CSC 699 [02 ],0,5
770,Spring 2010,CSC 699 [03 ],0,5
771,Spring 2010,CSC 720 [01 ],13,15
772,Spring 2010,CSC 810 [01 ],14,20
773,Spring 2010,CSC 821 [01 ],6,10
774,Spring 2010,CSC 840 [01 ],16,10
775,Spring 2010,CSC 842 [01 ],7,10
776,Spring 2010,CSC 845 [01 ],9,10
777,Spring 2010,CSC 857 [01 ],11,12
778,Spring 2010,CSC 858 [01 ],12,10
779,Spring 2010,CSC 867 [01 ],10,10
780,Spring 2010,CSC 868 [01 ],12,12
781,Spring 2010,CSC 869 [01 ],11,10
782,Spring 2010,CSC 890 [01 ],8,8
783,Spring 2010,CSC 893 [01 ],3,35
784,Spring 2010,CSC 895 [01 ],0,5
785,Spring 2010,CSC 897 [01 ],0,5
786,Spring 2010,CSC 897 [02 ],0,5
787,Spring 2010,CSC 897 [03 ],0,5
788,Spring 2010,CSC 897 [04 ],0,5
789,Spring 2010,CSC 898 [01 ],0,0
790,Spring 2010,CSC 899 [01 ],0,0
791,Spring 2010,CSC 899 [02 ],0,0
792,Spring 2010,CSC 899 [03 ],0,0
793,Spring 2010,CSC 897 [04 ],0,5
794,Spring 2010,CSC 898 [01 ],0,0
795,Spring 2010,CSC 899 [01 ],0,0
796,Spring 2010,CSC 899 [02 ],0,0
797,Spring 2010,CSC 899 [03 ],0,0
798,Spring 2010,CSC 897 [04 ],0,5
799,Spring 2010,CSC 898 [01 ],0,0
800,Spring 2010,CSC 899 [01 ],0,0
801,Spring 2010,CSC 899 [02 ],0,0
802,Spring 2010,CSC 899 [03 ],0,0
803,Spring 2010,CSC 897 [04 ],0,5
804,Spring 2010,CSC 898 [01 ],0,0
805,Spring 2010,CSC 899 [01 ],0,0
806,Spring 2010,CSC 899 [02 ],0,0
807,Spring 2010,CSC 899 [03 ],0,0
808,Fall 2010,CSC 101 [02 ],69,70
809,Fall 2010,CSC 210 [01 ],26,33
810,Fall 2010,CSC 210 [02 ],34,40
811,Fall 2010,CSC 210 [03 ],34,30
812,Fall 2010,CSC 210 [04 ],29,33
813,Fall 2010,CSC 211 [01 ],30,35
814,Fall 2010,CSC 213 [01 ],6,20
815,Fall 2010,CSC 220 [01 ],37,35
816,Fall 2010,CSC 220 [02 ],35,30
817,Fall 2010,CSC 230 [01 ],42,45
818,Fall 2010,CSC 256 [01 ],34,30
819,Fall 2010,CSC 300GW [01 ],25,25
820,Fall 2010,CSC 300GW [02 ],24,25
821,Fall 2010,CSC 309 [01 ],30,30
822,Fall 2010,CSC 340 [01 ],23,25
823,Fall 2010,CSC 412 [01 ],13,25
824,Fall 2010,CSC 413 [01 ],18,25
825,Fall 2010,CSC 413 [02 ],21,25
826,Fall 2010,CSC 415 [01 ],28,30
827,Fall 2010,CSC 510 [01 ],23,30
828,Fall 2010,CSC 520 [01 ],18,20
829,Fall 2010,CSC 600 [01 ],11,15
830,Fall 2010,CSC 600 [02 ],12,15
831,Fall 2010,CSC 631 [01 ],12,20
832,Fall 2010,CSC 640 [01 ],21,30
833,Fall 2010,CSC 641 [01 ],5,15
834,Fall 2010,CSC 675 [01 ],21,20
835,Fall 2010,CSC 693 [01 ],0,25
836,Fall 2010,CSC 693 [02 ],0,25
837,Fall 2010,CSC 694 [01 ],0,10
838,Fall 2010,CSC 694 [02 ],0,10
839,Fall 2010,CSC 694 [03 ],0,10
840,Fall 2010,CSC 695 [01 ],12,20
841,Fall 2010,CSC 697 [01 ],0,0
842,Fall 2010,CSC 699 [01 ],0,0
843,Fall 2010,CSC 699 [02 ],0,0
844,Fall 2010,CSC 699 [03 ],0,0
845,Fall 2010,CSC 730 [01 ],14,15
846,Fall 2010,CSC 775 [01 ],14,15
847,Fall 2010,CSC 810 [01 ],24,25
848,Fall 2010,CSC 831 [01 ],5,10
849,Fall 2010,CSC 835 [01 ],19,20
850,Fall 2010,CSC 841 [01 ],8,10
851,Fall 2010,CSC 848 [01 ],30,25
852,Fall 2010,CSC 857 [01 ],9,10
853,Fall 2010,CSC 872 [01 ],10,10
854,Fall 2010,CSC 893 [01 ],1,30
855,Fall 2010,CSC 895 [01 ],0,0
856,Fall 2010,CSC 897 [01 ],0,0
857,Fall 2010,CSC 897 [02 ],0,0
858,Fall 2010,CSC 897 [03 ],0,0
859,Fall 2010,CSC 897 [04 ],0,0
860,Fall 2010,CSC 898 [01 ],0,0
861,Fall 2010,CSC 899 [01 ],0,0
862,Fall 2010,CSC 899 [02 ],0,0
863,Fall 2010,CSC 899 [03 ],0,0
864,Fall 2010,CSC 897 [03 ],0,0
865,Fall 2010,CSC 897 [04 ],0,0
866,Fall 2010,CSC 898 [01 ],0,0
867,Fall 2010,CSC 899 [01 ],0,0
868,Fall 2010,CSC 899 [02 ],0,0
869,Fall 2010,CSC 899 [03 ],0,0
870,Fall 2010,CSC 897 [03 ],0,0
871,Fall 2010,CSC 897 [04 ],0,0
872,Fall 2010,CSC 898 [01 ],0,0
873,Fall 2010,CSC 899 [01 ],0,0
874,Fall 2010,CSC 899 [02 ],0,0
875,Fall 2010,CSC 899 [03 ],0,0
876,Fall 2010,CSC 897 [03 ],0,0
877,Fall 2010,CSC 897 [04 ],0,0
878,Fall 2010,CSC 898 [01 ],0,0
879,Fall 2010,CSC 899 [01 ],0,0
880,Fall 2010,CSC 899 [02 ],0,0
881,Fall 2010,CSC 899 [03 ],0,0
882,Spring 2011,CSC 101 [01 ],65,70
883,Spring 2011,CSC 210 [01 ],41,35
884,Spring 2011,CSC 210 [02 ],34,30
885,Spring 2011,CSC 210 [03 ],35,30
886,Spring 2011,CSC 211 [01 ],26,40
887,Spring 2011,CSC 220 [01 ],31,35
888,Spring 2011,CSC 220 [02 ],30,30
889,Spring 2011,CSC 230 [01 ],46,45
890,Spring 2011,CSC 256 [01 ],40,35
891,Spring 2011,CSC 300GW [01 ],8,25
892,Spring 2011,CSC 300GW [02 ],26,25
893,Spring 2011,CSC 313 [01 ],11,16
894,Spring 2011,CSC 330 [01 ],16,30
895,Spring 2011,CSC 340 [01 ],24,25
896,Spring 2011,CSC 340 [02 ],29,25
897,Spring 2011,CSC 412 [01 ],8,25
898,Spring 2011,CSC 413 [01 ],19,20
899,Spring 2011,CSC 413 [02 ],22,20
900,Spring 2011,CSC 415 [01 ],29,30
901,Spring 2011,CSC 510 [01 ],29,30
902,Spring 2011,CSC 600 [01 ],15,20
903,Spring 2011,CSC 600 [02 ],16,20
904,Spring 2011,CSC 615 [01 ],24,25
905,Spring 2011,CSC 621 [01 ],11,15
906,Spring 2011,CSC 656 [01 ],29,30
907,Spring 2011,CSC 667 [01 ],16,20
908,Spring 2011,CSC 668 [01 ],6,15
909,Spring 2011,CSC 693 [01 ],0,25
910,Spring 2011,CSC 693 [02 ],0,25
911,Spring 2011,CSC 694 [01 ],0,15
912,Spring 2011,CSC 694 [02 ],0,15
913,Spring 2011,CSC 694 [03 ],0,15
914,Spring 2011,CSC 695 [01 ],11,25
915,Spring 2011,CSC 697 [01 ],0,15
916,Spring 2011,CSC 699 [01 ],0,5
917,Spring 2011,CSC 699 [02 ],0,5
918,Spring 2011,CSC 699 [03 ],0,5
919,Spring 2011,CSC 720 [01 ],15,15
920,Spring 2011,CSC 810 [01 ],21,25
921,Spring 2011,CSC 821 [01 ],9,10
922,Spring 2011,CSC 840 [01 ],16,15
923,Spring 2011,CSC 867 [01 ],18,20
924,Spring 2011,CSC 868 [01 ],15,15
925,Spring 2011,CSC 869 [01 ],17,15
926,Spring 2011,CSC 875 [01 ],9,10
927,Spring 2011,CSC 893 [01 ],1,35
928,Spring 2011,CSC 895 [01 ],0,5
929,Spring 2011,CSC 897 [01 ],0,5
930,Spring 2011,CSC 897 [02 ],1,5
931,Spring 2011,CSC 897 [03 ],0,5
932,Spring 2011,CSC 897 [04 ],0,5
933,Spring 2011,CSC 898 [01 ],0,5
934,Spring 2011,CSC 899 [01 ],1,0
935,Spring 2011,CSC 899 [02 ],0,0
936,Spring 2011,CSC 899 [03 ],0,0
937,Spring 2011,CSC 897 [04 ],0,5
938,Spring 2011,CSC 898 [01 ],0,5
939,Spring 2011,CSC 899 [01 ],1,0
940,Spring 2011,CSC 899 [02 ],0,0
941,Spring 2011,CSC 899 [03 ],0,0
942,Spring 2011,CSC 897 [04 ],0,5
943,Spring 2011,CSC 898 [01 ],0,5
944,Spring 2011,CSC 899 [01 ],1,0
945,Spring 2011,CSC 899 [02 ],0,0
946,Spring 2011,CSC 899 [03 ],0,0
947,Spring 2011,CSC 897 [04 ],0,5
948,Spring 2011,CSC 898 [01 ],0,5
949,Spring 2011,CSC 899 [01 ],1,0
950,Spring 2011,CSC 899 [02 ],0,0
951,Spring 2011,CSC 899 [03 ],0,0
952,Fall 2011,CSC 101 [01 ],65,70
953,Fall 2011,CSC 210 [01 ],30,30
954,Fall 2011,CSC 210 [02 ],36,35
955,Fall 2011,CSC 210 [03 ],44,35
956,Fall 2011,CSC 210 [04 ],38,35
957,Fall 2011,CSC 211 [01 ],35,35
958,Fall 2011,CSC 220 [01 ],32,30
959,Fall 2011,CSC 220 [02 ],25,25
960,Fall 2011,CSC 230 [01 ],44,40
961,Fall 2011,CSC 256 [01 ],39,30
962,Fall 2011,CSC 300GW [01 ],25,25
963,Fall 2011,CSC 300GW [02 ],12,25
964,Fall 2011,CSC 309 [01 ],31,30
965,Fall 2011,CSC 340 [01 ],23,30
966,Fall 2011,CSC 340 [02 ],31,30
967,Fall 2011,CSC 412 [01 ],9,30
968,Fall 2011,CSC 413 [01 ],29,30
969,Fall 2011,CSC 413 [02 ],30,30
970,Fall 2011,CSC 415 [01 ],31,30
971,Fall 2011,CSC 510 [01 ],37,30
972,Fall 2011,CSC 520 [01 ],22,30
973,Fall 2011,CSC 520 [02 ],43,35
974,Fall 2011,CSC 600 [01 ],14,20
975,Fall 2011,CSC 631 [01 ],14,15
976,Fall 2011,CSC 640 [01 ],29,30
977,Fall 2011,CSC 641 [01 ],2,15
978,Fall 2011,CSC 675 [01 ],15,15
979,Fall 2011,CSC 694 [01 ],1,10
980,Fall 2011,CSC 694 [02 ],0,10
981,Fall 2011,CSC 694 [03 ],0,10
982,Fall 2011,CSC 695 [01 ],10,20
983,Fall 2011,CSC 697 [01 ],0,0
984,Fall 2011,CSC 699 [01 ],0,0
985,Fall 2011,CSC 699 [02 ],0,0
986,Fall 2011,CSC 699 [03 ],0,0
987,Fall 2011,CSC 730 [01 ],9,25
988,Fall 2011,CSC 775 [01 ],8,10
989,Fall 2011,CSC 780 [01 ],23,25
990,Fall 2011,CSC 810 [01 ],14,30
991,Fall 2011,CSC 831 [01 ],7,10
992,Fall 2011,CSC 841 [01 ],7,10
993,Fall 2011,CSC 846 [01 ],16,20
994,Fall 2011,CSC 848 [01 ],21,25
995,Fall 2011,CSC 857 [01 ],9,15
996,Fall 2011,CSC 872 [01 ],8,15
997,Fall 2011,CSC 893 [01 ],8,30
998,Fall 2011,CSC 895 [01 ],0,0
999,Fall 2011,CSC 897 [01 ],0,0
1000,Fall 2011,CSC 897 [02 ],0,0
1001,Fall 2011,CSC 897 [03 ],0,0
1002,Fall 2011,CSC 898 [01 ],0,0
1003,Fall 2011,CSC 899 [01 ],0,0
1004,Fall 2011,CSC 899 [02 ],0,0
1005,Fall 2011,CSC 899 [03 ],1,0
1006,Fall 2011,CSC 898 [01 ],0,0
1007,Fall 2011,CSC 899 [01 ],0,0
1008,Fall 2011,CSC 899 [02 ],0,0
1009,Fall 2011,CSC 899 [03 ],1,0
1010,Fall 2011,CSC 898 [01 ],0,0
1011,Fall 2011,CSC 899 [01 ],0,0
1012,Fall 2011,CSC 899 [02 ],0,0
1013,Fall 2011,CSC 899 [03 ],1,0
1014,Fall 2011,CSC 898 [01 ],0,0
1015,Fall 2011,CSC 899 [01 ],0,0
1016,Fall 2011,CSC 899 [02 ],0,0
1017,Fall 2011,CSC 899 [03 ],1,0
1018,Spring 2012,CSC 101 [01 ],71,70
1019,Spring 2012,CSC 210 [01 ],43,35
1020,Spring 2012,CSC 210 [02 ],34,35
1021,Spring 2012,CSC 210 [03 ],39,35
1022,Spring 2012,CSC 210 [04 ],35,35
1023,Spring 2012,CSC 211 [01 ],36,40
1024,Spring 2012,CSC 220 [01 ],36,30
1025,Spring 2012,CSC 220 [02 ],31,25
1026,Spring 2012,CSC 230 [01 ],14,30
1027,Spring 2012,CSC 230 [02 ],42,40
1028,Spring 2012,CSC 256 [01 ],43,35
1029,Spring 2012,CSC 300GW [01 ],24,25
1030,Spring 2012,CSC 300GW [02 ],20,25
1031,Spring 2012,CSC 340 [01 ],26,30
1032,Spring 2012,CSC 340 [02 ],30,30
1033,Spring 2012,CSC 413 [01 ],24,25
1034,Spring 2012,CSC 413 [02 ],25,25
1035,Spring 2012,CSC 415 [01 ],40,30
1036,Spring 2012,CSC 510 [01 ],48,35
1037,Spring 2012,CSC 520 [01 ],40,35
1038,Spring 2012,CSC 600 [01 ],38,30
1039,Spring 2012,CSC 615 [01 ],14,25
1040,Spring 2012,CSC 621 [01 ],10,15
1041,Spring 2012,CSC 656 [01 ],16,30
1042,Spring 2012,CSC 667 [01 ],21,20
1043,Spring 2012,CSC 668 [01 ],15,15
1044,Spring 2012,CSC 693 [01 ],0,25
1045,Spring 2012,CSC 693 [02 ],0,25
1046,Spring 2012,CSC 694 [01 ],0,15
1047,Spring 2012,CSC 694 [02 ],0,15
1048,Spring 2012,CSC 694 [03 ],0,15
1049,Spring 2012,CSC 695 [01 ],20,25
1050,Spring 2012,CSC 697 [01 ],0,15
1051,Spring 2012,CSC 699 [01 ],0,5
1052,Spring 2012,CSC 699 [02 ],0,5
1053,Spring 2012,CSC 699 [03 ],0,5
1054,Spring 2012,CSC 720 [01 ],22,12
1055,Spring 2012,CSC 780 [01 ],16,15
1056,Spring 2012,CSC 810 [01 ],9,25
1057,Spring 2012,CSC 821 [01 ],6,10
1058,Spring 2012,CSC 840 [01 ],12,15
1059,Spring 2012,CSC 867 [01 ],11,20
1060,Spring 2012,CSC 868 [01 ],9,15
1061,Spring 2012,CSC 869 [01 ],11,15
1062,Spring 2012,CSC 890 [01 ],8,10
1063,Spring 2012,CSC 893 [01 ],4,35
1064,Spring 2012,CSC 895 [01 ],0,5
1065,Spring 2012,CSC 897 [01 ],0,5
1066,Spring 2012,CSC 897 [02 ],0,5
1067,Spring 2012,CSC 897 [03 ],0,5
1068,Spring 2012,CSC 897 [04 ],0,5
1069,Spring 2012,CSC 898 [01 ],0,5
1070,Spring 2012,CSC 899 [01 ],0,0
1071,Spring 2012,CSC 899 [02 ],0,0
1072,Spring 2012,CSC 899 [03 ],0,0
1073,Spring 2012,CSC 897 [04 ],0,5
1074,Spring 2012,CSC 898 [01 ],0,5
1075,Spring 2012,CSC 899 [01 ],0,0
1076,Spring 2012,CSC 899 [02 ],0,0
1077,Spring 2012,CSC 899 [03 ],0,0
1078,Spring 2012,CSC 897 [04 ],0,5
1079,Spring 2012,CSC 898 [01 ],0,5
1080,Spring 2012,CSC 899 [01 ],0,0
1081,Spring 2012,CSC 899 [02 ],0,0
1082,Spring 2012,CSC 899 [03 ],0,0
1083,Spring 2012,CSC 897 [04 ],0,5
1084,Spring 2012,CSC 898 [01 ],0,5
1085,Spring 2012,CSC 899 [01 ],0,0
1086,Spring 2012,CSC 899 [02 ],0,0
1087,Spring 2012,CSC 899 [03 ],0,0
1088,Fall 2012,CSC 101 [01 ],40,70
1089,Fall 2012,CSC 206 [01 ],34,35
1090,Fall 2012,CSC 210 [01 ],33,30
1091,Fall 2012,CSC 210 [02 ],41,35
1092,Fall 2012,CSC 210 [03 ],43,35
1093,Fall 2012,CSC 210 [04 ],43,35
1094,Fall 2012,CSC 210 [05 ],43,35
1095,Fall 2012,CSC 211 [01 ],33,35
1096,Fall 2012,CSC 220 [01 ],30,30
1097,Fall 2012,CSC 220 [02 ],27,25
1098,Fall 2012,CSC 220 [03 ],26,35
1099,Fall 2012,CSC 230 [01 ],33,30
1100,Fall 2012,CSC 230 [02 ],45,30
1101,Fall 2012,CSC 256 [01 ],43,35
1102,Fall 2012,CSC 300GW [01 ],23,25
1103,Fall 2012,CSC 300GW [02 ],22,25
1104,Fall 2012,CSC 340 [01 ],40,30
1105,Fall 2012,CSC 340 [02 ],39,30
1106,Fall 2012,CSC 413 [01 ],53,55
1107,Fall 2012,CSC 415 [01 ],40,40
1108,Fall 2012,CSC 510 [01 ],48,45
1109,Fall 2012,CSC 520 [01 ],30,35
1110,Fall 2012,CSC 520 [02 ],18,35
1111,Fall 2012,CSC 600 [01 ],33,30
1112,Fall 2012,CSC 640 [01 ],45,35
1113,Fall 2012,CSC 641 [01 ],15,15
1114,Fall 2012,CSC 675 [01 ],22,15
1115,Fall 2012,CSC 690 [01 ],25,30
1116,Fall 2012,CSC 694 [01 ],1,10
1117,Fall 2012,CSC 694 [02 ],0,10
1118,Fall 2012,CSC 694 [03 ],0,10
1119,Fall 2012,CSC 695 [01 ],6,20
1120,Fall 2012,CSC 697 [01 ],0,0
1121,Fall 2012,CSC 699 [01 ],0,0
1122,Fall 2012,CSC 699 [02 ],0,0
1123,Fall 2012,CSC 699 [03 ],1,0
1124,Fall 2012,CSC 720 [01 ],5,15
1125,Fall 2012,CSC 775 [01 ],10,10
1126,Fall 2012,CSC 810 [01 ],19,20
1127,Fall 2012,CSC 841 [01 ],5,10
1128,Fall 2012,CSC 848 [01 ],11,25
1129,Fall 2012,CSC 858 [01 ],13,15
1130,Fall 2012,CSC 872 [01 ],13,15
1131,Fall 2012,CSC 875 [01 ],12,10
1132,Fall 2012,CSC 890 [01 ],14,15
1133,Fall 2012,CSC 893 [01 ],1,30
1134,Fall 2012,CSC 895 [01 ],0,0
1135,Fall 2012,CSC 897 [01 ],0,0
1136,Fall 2012,CSC 897 [02 ],0,0
1137,Fall 2012,CSC 897 [03 ],0,0
1138,Fall 2012,CSC 898 [01 ],0,0
1139,Fall 2012,CSC 899 [01 ],0,0
1140,Fall 2012,CSC 899 [02 ],0,0
1141,Fall 2012,CSC 899 [03 ],0,0
1142,Fall 2012,CSC 898 [01 ],0,0
1143,Fall 2012,CSC 899 [01 ],0,0
1144,Fall 2012,CSC 899 [02 ],0,0
1145,Fall 2012,CSC 899 [03 ],0,0
1146,Fall 2012,CSC 898 [01 ],0,0
1147,Fall 2012,CSC 899 [01 ],0,0
1148,Fall 2012,CSC 899 [02 ],0,0
1149,Fall 2012,CSC 899 [03 ],0,0
1150,Fall 2012,CSC 898 [01 ],0,0
1151,Fall 2012,CSC 899 [01 ],0,0
1152,Fall 2012,CSC 899 [02 ],0,0
1153,Fall 2012,CSC 899 [03 ],0,0
1154,Spring 2013,CSC 210 [01 ],41,40
1155,Spring 2013,CSC 210 [02 ],40,40
1156,Spring 2013,CSC 210 [03 ],39,40
1157,Spring 2013,CSC 210 [04 ],41,40
1158,Spring 2013,CSC 211 [01 ],41,40
1159,Spring 2013,CSC 220 [01 ],46,40
1160,Spring 2013,CSC 220 [02 ],46,40
1161,Spring 2013,CSC 230 [01 ],46,40
1162,Spring 2013,CSC 230 [02 ],41,40
1163,Spring 2013,CSC 256 [01 ],47,40
1164,Spring 2013,CSC 300GW [01 ],25,25
1165,Spring 2013,CSC 300GW [02 ],28,25
1166,Spring 2013,CSC 309 [01 ],41,40
1167,Spring 2013,CSC 340 [01 ],37,40
1168,Spring 2013,CSC 340 [02 ],21,40
1169,Spring 2013,CSC 413 [01 ],35,40
1170,Spring 2013,CSC 413 [02 ],34,40
1171,Spring 2013,CSC 415 [01 ],46,40
1172,Spring 2013,CSC 510 [01 ],39,40
1173,Spring 2013,CSC 520 [01 ],37,40
1174,Spring 2013,CSC 600 [01 ],38,40
1175,Spring 2013,CSC 615 [01 ],19,25
1176,Spring 2013,CSC 621 [01 ],20,15
1177,Spring 2013,CSC 631 [01 ],18,15
1178,Spring 2013,CSC 640 [01 ],23,25
1179,Spring 2013,CSC 668 [01 ],9,15
1180,Spring 2013,CSC 693 [01 ],0,25
1181,Spring 2013,CSC 693 [02 ],0,25
1182,Spring 2013,CSC 694 [01 ],1,15
1183,Spring 2013,CSC 694 [02 ],0,15
1184,Spring 2013,CSC 694 [03 ],0,15
1185,Spring 2013,CSC 695 [01 ],18,25
1186,Spring 2013,CSC 699 [01 ],0,5
1187,Spring 2013,CSC 699 [02 ],2,5
1188,Spring 2013,CSC 730 [01 ],16,15
1189,Spring 2013,CSC 746 [01 ],17,15
1190,Spring 2013,CSC 780 [01 ],15,15
1191,Spring 2013,CSC 810 [01 ],15,25
1192,Spring 2013,CSC 821 [01 ],5,10
1193,Spring 2013,CSC 831 [01 ],9,10
1194,Spring 2013,CSC 848 [01 ],11,10
1195,Spring 2013,CSC 868 [01 ],12,15
1196,Spring 2013,CSC 893 [01 ],2,35
1197,Spring 2013,CSC 895 [01 ],0,5
1198,Spring 2013,CSC 897 [01 ],0,5
1199,Spring 2013,CSC 897 [02 ],0,5
1200,Spring 2013,CSC 897 [03 ],0,5
1201,Spring 2013,CSC 897 [04 ],0,5
1202,Spring 2013,CSC 898 [01 ],0,5
1203,Spring 2013,CSC 899 [01 ],0,0
1204,Spring 2013,CSC 899 [02 ],1,0
1205,Spring 2013,CSC 899 [03 ],0,0
1206,Spring 2013,CSC 899 [02 ],1,0
1207,Spring 2013,CSC 899 [03 ],0,0
1208,Spring 2013,CSC 899 [02 ],1,0
1209,Spring 2013,CSC 899 [03 ],0,0
1210,Spring 2013,CSC 899 [02 ],1,0
1211,Spring 2013,CSC 899 [03 ],0,0
1212,Fall 2013,CSC 210 [01 ],45,40
1213,Fall 2013,CSC 210 [02 ],43,40
1214,Fall 2013,CSC 210 [03 ],39,40
1215,Fall 2013,CSC 210 [04 ],43,40
1216,Fall 2013,CSC 210 [05 ],52,50
1217,Fall 2013,CSC 211 [01 ],38,35
1218,Fall 2013,CSC 220 [01 ],50,50
1219,Fall 2013,CSC 220 [02 ],41,40
1220,Fall 2013,CSC 220 [03 ],22,40
1221,Fall 2013,CSC 230 [01 ],46,40
1222,Fall 2013,CSC 230 [02 ],63,50
1223,Fall 2013,CSC 256 [01 ],67,70
1224,Fall 2013,CSC 300GW [01 ],32,25
1225,Fall 2013,CSC 300GW [02 ],30,25
1226,Fall 2013,CSC 340 [01 ],35,60
1227,Fall 2013,CSC 340 [02 ],44,40
1228,Fall 2013,CSC 412 [01 ],25,45
1229,Fall 2013,CSC 412 [02 ],37,45
1230,Fall 2013,CSC 413 [01 ],23,33
1231,Fall 2013,CSC 413 [02 ],41,45
1232,Fall 2013,CSC 415 [01 ],56,60
1233,Fall 2013,CSC 510 [01 ],41,55
1234,Fall 2013,CSC 520 [01 ],53,55
1235,Fall 2013,CSC 600 [01 ],40,60
1236,Fall 2013,CSC 640 [01 ],48,45
1237,Fall 2013,CSC 641 [01 ],15,15
1238,Fall 2013,CSC 667 [01 ],44,40
1239,Fall 2013,CSC 675 [01 ],29,15
1240,Fall 2013,CSC 694 [01 ],1,10
1241,Fall 2013,CSC 694 [02 ],0,10
1242,Fall 2013,CSC 694 [03 ],0,10
1243,Fall 2013,CSC 699 [01 ],0,0
1244,Fall 2013,CSC 699 [02 ],0,0
1245,Fall 2013,CSC 699 [03 ],1,0
1246,Fall 2013,CSC 699 [05 ],0,5
1247,Fall 2013,CSC 699 [06 ],0,5
1248,Fall 2013,CSC 699 [07 ],1,5
1249,Fall 2013,CSC 699 [08 ],1,5
1250,Fall 2013,CSC 699 [09 ],0,5
1251,Fall 2013,CSC 699 [10 ],0,5
1252,Fall 2013,CSC 699 [11 ],1,5
1253,Fall 2013,CSC 699 [12 ],1,5
1254,Fall 2013,CSC 699 [13 ],2,5
1255,Fall 2013,CSC 699 [14 ],1,5
1256,Fall 2013,CSC 699 [15 ],0,5
1257,Fall 2013,CSC 720 [01 ],9,20
1258,Fall 2013,CSC 775 [01 ],7,10
1259,Fall 2013,CSC 810 [01 ],14,20
1260,Fall 2013,CSC 841 [01 ],5,10
1261,Fall 2013,CSC 848 [01 ],9,25
1262,Fall 2013,CSC 857 [01 ],15,15
1263,Fall 2013,CSC 867 [01 ],22,20
1264,Fall 2013,CSC 875 [01 ],10,10
1265,Fall 2013,CSC 890 [01 ],16,15
1266,Fall 2013,CSC 893 [01 ],4,30
1267,Fall 2013,CSC 895 [01 ],0,0
1268,Fall 2013,CSC 897 [01 ],0,0
1269,Fall 2013,CSC 897 [02 ],1,0
1270,Fall 2013,CSC 897 [03 ],0,0
1271,Fall 2013,CSC 898 [01 ],0,0
1272,Fall 2013,CSC 899 [01 ],0,0
1273,Fall 2013,CSC 899 [02 ],0,0
1274,Fall 2013,CSC 899 [03 ],0,0
1275,Fall 2013,CSC 857 [01 ],15,15
1276,Fall 2013,CSC 867 [01 ],22,20
1277,Fall 2013,CSC 875 [01 ],10,10
1278,Fall 2013,CSC 890 [01 ],16,15
1279,Fall 2013,CSC 893 [01 ],4,30
1280,Fall 2013,CSC 895 [01 ],0,0
1281,Fall 2013,CSC 897 [01 ],0,0
1282,Fall 2013,CSC 897 [02 ],1,0
1283,Fall 2013,CSC 897 [03 ],0,0
1284,Fall 2013,CSC 898 [01 ],0,0
1285,Fall 2013,CSC 899 [01 ],0,0
1286,Fall 2013,CSC 899 [02 ],0,0
1287,Fall 2013,CSC 899 [03 ],0,0
1288,Fall 2013,CSC 857 [01 ],15,15
1289,Fall 2013,CSC 867 [01 ],22,20
1290,Fall 2013,CSC 875 [01 ],10,10
1291,Fall 2013,CSC 890 [01 ],16,15
1292,Fall 2013,CSC 893 [01 ],4,30
1293,Fall 2013,CSC 895 [01 ],0,0
1294,Fall 2013,CSC 897 [01 ],0,0
1295,Fall 2013,CSC 897 [02 ],1,0
1296,Fall 2013,CSC 897 [03 ],0,0
1297,Fall 2013,CSC 898 [01 ],0,0
1298,Fall 2013,CSC 899 [01 ],0,0
1299,Fall 2013,CSC 899 [02 ],0,0
1300,Fall 2013,CSC 899 [03 ],0,0
1301,Fall 2013,CSC 857 [01 ],15,15
1302,Fall 2013,CSC 867 [01 ],22,20
1303,Fall 2013,CSC 875 [01 ],10,10
1304,Fall 2013,CSC 890 [01 ],16,15
1305,Fall 2013,CSC 893 [01 ],4,30
1306,Fall 2013,CSC 895 [01 ],0,0
1307,Fall 2013,CSC 897 [01 ],0,0
1308,Fall 2013,CSC 897 [02 ],1,0
1309,Fall 2013,CSC 897 [03 ],0,0
1310,Fall 2013,CSC 898 [01 ],0,0
1311,Fall 2013,CSC 899 [01 ],0,0
1312,Fall 2013,CSC 899 [02 ],0,0
1313,Fall 2013,CSC 899 [03 ],0,0
1314,Spring 2014,CSC 210 [01 ],45,40
1315,Spring 2014,CSC 210 [02 ],61,60
1316,Spring 2014,CSC 210 [03 ],57,60
1317,Spring 2014,CSC 210 [04 ],49,50
1318,Spring 2014,CSC 211 [01 ],41,40
1319,Spring 2014,CSC 220 [01 ],39,40
1320,Spring 2014,CSC 220 [02 ],42,40
1321,Spring 2014,CSC 220 [03 ],42,40
1322,Spring 2014,CSC 230 [01 ],53,50
1323,Spring 2014,CSC 230 [02 ],64,50
1324,Spring 2014,CSC 256 [01 ],64,70
1325,Spring 2014,CSC 256 [02 ],18,40
1326,Spring 2014,CSC 300GW [01 ],38,25
1327,Spring 2014,CSC 300GW [02 ],25,25
1328,Spring 2014,CSC 309 [01 ],37,40
1329,Spring 2014,CSC 340 [01 ],64,60
1330,Spring 2014,CSC 340 [02 ],46,40
1331,Spring 2014,CSC 412 [01 ],27,40
1332,Spring 2014,CSC 412 [02 ],26,40
1333,Spring 2014,CSC 413 [01 ],40,50
1334,Spring 2014,CSC 413 [02 ],26,50
1335,Spring 2014,CSC 415 [01 ],50,60
1336,Spring 2014,CSC 510 [01 ],43,40
1337,Spring 2014,CSC 520 [01 ],43,55
1338,Spring 2014,CSC 600 [01 ],43,40
1339,Spring 2014,CSC 631 [01 ],29,30
1340,Spring 2014,CSC 640 [01 ],36,45
1341,Spring 2014,CSC 667 [01 ],25,25
1342,Spring 2014,CSC 668 [01 ],24,25
1343,Spring 2014,CSC 693 [01 ],0,25
1344,Spring 2014,CSC 693 [01 ],0,25
1345,Spring 2014,CSC 694 [01 ],0,15
1346,Spring 2014,CSC 694 [01 ],0,15
1347,Spring 2014,CSC 694 [01 ],1,15
1348,Spring 2014,CSC 695 [01 ],9,25
1349,Spring 2014,CSC 699 [01 ],1,5
1350,Spring 2014,CSC 699 [01 ],0,5
1351,Spring 2014,CSC 730 [01 ],13,10
1352,Spring 2014,CSC 746 [01 ],14,15
1353,Spring 2014,CSC 780 [01 ],20,20
1354,Spring 2014,CSC 810 [01 ],14,15
1355,Spring 2014,CSC 831 [01 ],6,10
1356,Spring 2014,CSC 840 [01 ],9,10
1357,Spring 2014,CSC 848 [01 ],10,15
1358,Spring 2014,CSC 867 [01 ],5,5
1359,Spring 2014,CSC 868 [01 ],14,15
1360,Spring 2014,CSC 869 [01 ],15,15
1361,Spring 2014,CSC 890 [01 ],7,10
1362,Spring 2014,CSC 893 [01 ],3,35
1363,Spring 2014,CSC 895 [01 ],0,5
1364,Spring 2014,CSC 897 [01 ],0,5
1365,Spring 2014,CSC 897 [01 ],0,5
1366,Spring 2014,CSC 897 [01 ],0,5
1367,Spring 2014,CSC 897 [01 ],1,5
1368,Spring 2014,CSC 898 [01 ],0,5
1369,Spring 2014,CSC 899 [01 ],0,0
1370,Spring 2014,CSC 899 [01 ],0,0
1371,Spring 2014,CSC 899 [01 ],0,0
1372,Spring 2014,CSC 897 [01 ],0,5
1373,Spring 2014,CSC 897 [01 ],0,5
1374,Spring 2014,CSC 897 [01 ],0,5
1375,Spring 2014,CSC 897 [01 ],1,5
1376,Spring 2014,CSC 898 [01 ],0,5
1377,Spring 2014,CSC 899 [01 ],0,0
1378,Spring 2014,CSC 899 [01 ],0,0
1379,Spring 2014,CSC 899 [01 ],0,0
1380,Spring 2014,CSC 897 [01 ],0,5
1381,Spring 2014,CSC 897 [01 ],0,5
1382,Spring 2014,CSC 897 [01 ],0,5
1383,Spring 2014,CSC 897 [01 ],1,5
1384,Spring 2014,CSC 898 [01 ],0,5
1385,Spring 2014,CSC 899 [01 ],0,0
1386,Spring 2014,CSC 899 [01 ],0,0
1387,Spring 2014,CSC 899 [01 ],0,0
1388,Spring 2014,CSC 897 [01 ],0,5
1389,Spring 2014,CSC 897 [01 ],0,5
1390,Spring 2014,CSC 897 [01 ],0,5
1391,Spring 2014,CSC 897 [01 ],1,5
1392,Spring 2014,CSC 898 [01 ],0,5
1393,Spring 2014,CSC 899 [01 ],0,0
1394,Spring 2014,CSC 899 [01 ],0,0
1395,Spring 2014,CSC 899 [01 ],0,0
1396,Fall 2014,CSC 210 [01 ],67,70
1397,Fall 2014,CSC 210 [02 ],69,70
1398,Fall 2014,CSC 210 [03 ],67,70
1399,Fall 2014,CSC 210 [04 ],67,70
1400,Fall 2014,CSC 210 [05 ],33,70
1401,Fall 2014,CSC 211 [01 ],43,45
1402,Fall 2014,CSC 220 [01 ],32,40
1403,Fall 2014,CSC 220 [02 ],44,45
1404,Fall 2014,CSC 220 [03 ],44,40
1405,Fall 2014,CSC 230 [01 ],57,50
1406,Fall 2014,CSC 230 [02 ],45,45
1407,Fall 2014,CSC 230 [03 ],34,50
1408,Fall 2014,CSC 256 [01 ],46,45
1409,Fall 2014,CSC 256 [02 ],55,60
1410,Fall 2014,CSC 300GW [01 ],26,25
1411,Fall 2014,CSC 300GW [02 ],26,25
1412,Fall 2014,CSC 300GW [03 ],27,25
1413,Fall 2014,CSC 340 [01 ],61,60
1414,Fall 2014,CSC 340 [02 ],41,40
1415,Fall 2014,CSC 340 [03 ],39,40
1416,Fall 2014,CSC 412 [01 ],26,45
1417,Fall 2014,CSC 412 [03 ],34,45
1418,Fall 2014,CSC 413 [01 ],43,45
1419,Fall 2014,CSC 413 [02 ],61,65
1420,Fall 2014,CSC 415 [01 ],66,70
1421,Fall 2014,CSC 510 [01 ],52,61
1422,Fall 2014,CSC 510 [02 ],38,40
1423,Fall 2014,CSC 520 [01 ],64,66
1424,Fall 2014,CSC 600 [01 ],21,45
1425,Fall 2014,CSC 600 [02 ],20,60
1426,Fall 2014,CSC 648 [01 ],20,45
1427,Fall 2014,CSC 650 [01 ],25,50
1428,Fall 2014,CSC 667 [01 ],26,30
1429,Fall 2014,CSC 675 [01 ],17,15
1430,Fall 2014,CSC 690 [01 ],29,45
1431,Fall 2014,CSC 694 [01 ],0,10
1432,Fall 2014,CSC 746 [01 ],13,45
1433,Fall 2014,CSC 775 [01 ],11,10
1434,Fall 2014,CSC 780 [01 ],19,20
1435,Fall 2014,CSC 810 [01 ],22,20
1436,Fall 2014,CSC 848 [01 ],14,25
1437,Fall 2014,CSC 849 [01 ],10,20
1438,Fall 2014,CSC 857 [01 ],8,15
1439,Fall 2014,CSC 867 [01 ],7,20
1440,Fall 2014,CSC 872 [01 ],26,20
1441,Fall 2014,CSC 890 [01 ],14,15
1442,Fall 2014,CSC 893 [01 ],0,10
1443,Fall 2014,CSC 895 [01 ],0,0
1444,Fall 2014,CSC 897 [01 ],0,0
1445,Fall 2014,CSC 898 [01 ],0,0
1446,Fall 2014,CSC 899 [03 ],0,0
1447,Fall 2014,CSC 899 [03 ],0,0
1448,Fall 2014,CSC 899 [03 ],0,0
1449,Fall 2014,CSC 899 [03 ],0,0
1450,Spring 2015,CSC 210 [01 ],49,40
1451,Spring 2015,CSC 210 [02 ],43,40
1452,Spring 2015,CSC 210 [03 ],47,40
1453,Spring 2015,CSC 210 [04 ],76,70
1454,Spring 2015,CSC 211 [01 ],42,40
1455,Spring 2015,CSC 220 [01 ],63,75
1456,Spring 2015,CSC 220 [02 ],36,40
1457,Spring 2015,CSC 220 [03 ],42,75
1458,Spring 2015,CSC 230 [01 ],64,60
1459,Spring 2015,CSC 230 [02 ],59,60
1460,Spring 2015,CSC 256 [01 ],37,70
1461,Spring 2015,CSC 256 [02 ],42,40
1462,Spring 2015,CSC 300GW [01 ],25,25
1463,Spring 2015,CSC 300GW [02 ],25,25
1464,Spring 2015,CSC 300GW [03 ],25,25
1465,Spring 2015,CSC 300GW [04 ],25,25
1466,Spring 2015,CSC 309 [01 ],37,40
1467,Spring 2015,CSC 340 [01 ],61,60
1468,Spring 2015,CSC 340 [02 ],64,60
1469,Spring 2015,CSC 340 [03 ],27,60
1470,Spring 2015,CSC 412 [01 ],41,40
1471,Spring 2015,CSC 412 [02 ],39,40
1472,Spring 2015,CSC 412 [03 ],43,40
1473,Spring 2015,CSC 413 [01 ],39,45
1474,Spring 2015,CSC 413 [02 ],12,70
1475,Spring 2015,CSC 413 [03 ],70,70
1476,Spring 2015,CSC 415 [01 ],64,70
1477,Spring 2015,CSC 415 [02 ],24,40
1478,Spring 2015,CSC 510 [01 ],62,65
1479,Spring 2015,CSC 510 [03 ],18,40
1480,Spring 2015,CSC 520 [01 ],66,65
1481,Spring 2015,CSC 600 [01 ],62,60
1482,Spring 2015,CSC 621 [01 ],27,25
1483,Spring 2015,CSC 631 [01 ],24,25
1484,Spring 2015,CSC 648 [01 ],54,45
1485,Spring 2015,CSC 656 [01 ],35,70
1486,Spring 2015,CSC 668 [01 ],16,25
1487,Spring 2015,CSC 690 [01 ],25,20
1488,Spring 2015,CSC 694 [01 ],0,15
1489,Spring 2015,CSC 699 [01 ],0,15
1490,Spring 2015,CSC 720 [01 ],17,20
1491,Spring 2015,CSC 810 [01 ],20,20
1492,Spring 2015,CSC 821 [01 ],12,15
1493,Spring 2015,CSC 831 [01 ],13,15
1494,Spring 2015,CSC 848 [01 ],12,15
1495,Spring 2015,CSC 868 [01 ],13,15
1496,Spring 2015,CSC 869 [01 ],13,15
1497,Spring 2015,CSC 890 [01 ],5,15
1498,Spring 2015,CSC 890 [02 ],13,15
1499,Spring 2015,CSC 893 [01 ],1,15
1500,Spring 2015,CSC 895 [01 ],0,5
1501,Spring 2015,CSC 897 [01 ],0,5
1502,Spring 2015,CSC 898 [01 ],0,5
1503,Spring 2015,CSC 899 [01 ],0,10
1504,Spring 2015,CSC 895 [01 ],0,5
1505,Spring 2015,CSC 897 [01 ],0,5
1506,Spring 2015,CSC 898 [01 ],0,5
1507,Spring 2015,CSC 899 [01 ],0,10
1508,Spring 2015,CSC 895 [01 ],0,5
1509,Spring 2015,CSC 897 [01 ],0,5
1510,Spring 2015,CSC 898 [01 ],0,5
1511,Spring 2015,CSC 899 [01 ],0,10
1512,Spring 2015,CSC 895 [01 ],0,5
1513,Spring 2015,CSC 897 [01 ],0,5
1514,Spring 2015,CSC 898 [01 ],0,5
1515,Spring 2015,CSC 899 [01 ],0,10
1516,Fall 2015,CSC 210 [01 ],77,70
1517,Fall 2015,CSC 210 [02 ],77,70
1518,Fall 2015,CSC 210 [03 ],64,70
1519,Fall 2015,CSC 210 [04 ],79,70
1520,Fall 2015,CSC 211 [01 ],41,40
1521,Fall 2015,CSC 220 [01 ],44,40
1522,Fall 2015,CSC 220 [02 ],44,40
1523,Fall 2015,CSC 220 [03 ],55,55
1524,Fall 2015,CSC 230 [01 ],43,40
1525,Fall 2015,CSC 230 [02 ],41,40
1526,Fall 2015,CSC 230 [03 ],43,49
1527,Fall 2015,CSC 256 [01 ],67,70
1528,Fall 2015,CSC 256 [02 ],47,70
1529,Fall 2015,CSC 300GW [01 ],25,25
1530,Fall 2015,CSC 300GW [02 ],24,25
1531,Fall 2015,CSC 300GW [03 ],25,25
1532,Fall 2015,CSC 300GW [04 ],25,25
1533,Fall 2015,CSC 340 [01 ],75,60
1534,Fall 2015,CSC 340 [02 ],58,55
1535,Fall 2015,CSC 412 [01 ],35,40
1536,Fall 2015,CSC 412 [02 ],23,40
1537,Fall 2015,CSC 412 [03 ],47,40
1538,Fall 2015,CSC 413 [01 ],14,40
1539,Fall 2015,CSC 413 [02 ],26,55
1540,Fall 2015,CSC 413 [03 ],67,70
1541,Fall 2015,CSC 415 [01 ],53,55
1542,Fall 2015,CSC 415 [02 ],40,40
1543,Fall 2015,CSC 510 [01 ],45,40
1544,Fall 2015,CSC 510 [02 ],53,55
1545,Fall 2015,CSC 520 [01 ],64,55
1546,Fall 2015,CSC 520 [02 ],34,55
1547,Fall 2015,CSC 600 [01 ],41,40
1548,Fall 2015,CSC 600 [02 ],54,55
1549,Fall 2015,CSC 641 [01 ],12,20
1550,Fall 2015,CSC 648 [01 ],37,25
1551,Fall 2015,CSC 648 [02 ],23,25
1552,Fall 2015,CSC 650 [01 ],48,50
1553,Fall 2015,CSC 667 [01 ],47,30
1554,Fall 2015,CSC 675 [01 ],38,20
1555,Fall 2015,CSC 675 [02 ],17,20
1556,Fall 2015,CSC 693 [01 ],0,10
1557,Fall 2015,CSC 694 [01 ],0,36
1558,Fall 2015,CSC 699 [01 ],0,15
1559,Fall 2015,CSC 720 [01 ],17,20
1560,Fall 2015,CSC 746 [01 ],14,20
1561,Fall 2015,CSC 775 [01 ],6,15
1562,Fall 2015,CSC 775 [02 ],6,15
1563,Fall 2015,CSC 780 [01 ],21,19
1564,Fall 2015,CSC 810 [01 ],29,20
1565,Fall 2015,CSC 841 [01 ],1,15
1566,Fall 2015,CSC 848 [01 ],12,15
1567,Fall 2015,CSC 848 [02 ],15,15
1568,Fall 2015,CSC 849 [01 ],6,20
1569,Fall 2015,CSC 857 [01 ],8,15
1570,Fall 2015,CSC 867 [01 ],21,20
1571,Fall 2015,CSC 872 [01 ],23,20
1572,Fall 2015,CSC 893 [01 ],1,10
1573,Fall 2015,CSC 895 [01 ],0,0
1574,Fall 2015,CSC 897 [01 ],0,24
1575,Fall 2015,CSC 898 [01 ],0,0
1576,Fall 2015,CSC 899 [01 ],0,15
1577,Fall 2015,CSC 848 [01 ],12,15
1578,Fall 2015,CSC 848 [02 ],15,15
1579,Fall 2015,CSC 849 [01 ],6,20
1580,Fall 2015,CSC 857 [01 ],8,15
1581,Fall 2015,CSC 867 [01 ],21,20
1582,Fall 2015,CSC 872 [01 ],23,20
1583,Fall 2015,CSC 893 [01 ],1,10
1584,Fall 2015,CSC 895 [01 ],0,0
1585,Fall 2015,CSC 897 [01 ],0,24
1586,Fall 2015,CSC 898 [01 ],0,0
1587,Fall 2015,CSC 899 [01 ],0,15
1588,Fall 2015,CSC 848 [01 ],12,15
1589,Fall 2015,CSC 848 [02 ],15,15
1590,Fall 2015,CSC 849 [01 ],6,20
1591,Fall 2015,CSC 857 [01 ],8,15
1592,Fall 2015,CSC 867 [01 ],21,20
1593,Fall 2015,CSC 872 [01 ],23,20
1594,Fall 2015,CSC 893 [01 ],1,10
1595,Fall 2015,CSC 895 [01 ],0,0
1596,Fall 2015,CSC 897 [01 ],0,24
1597,Fall 2015,CSC 898 [01 ],0,0
1598,Fall 2015,CSC 899 [01 ],0,15
1599,Fall 2015,CSC 848 [01 ],12,15
1600,Fall 2015,CSC 848 [02 ],15,15
1601,Fall 2015,CSC 849 [01 ],6,20
1602,Fall 2015,CSC 857 [01 ],8,15
1603,Fall 2015,CSC 867 [01 ],21,20
1604,Fall 2015,CSC 872 [01 ],23,20
1605,Fall 2015,CSC 893 [01 ],1,10
1606,Fall 2015,CSC 895 [01 ],0,0
1607,Fall 2015,CSC 897 [01 ],0,24
1608,Fall 2015,CSC 898 [01 ],0,0
1609,Fall 2015,CSC 899 [01 ],0,15
1610,Spring 2016,CSC 210 [01 ],65,55
1611,Spring 2016,CSC 210 [02 ],69,60
1612,Spring 2016,CSC 210 [03 ],71,60
1613,Spring 2016,CSC 210 [04 ],59,55
1614,Spring 2016,CSC 210 [05 ],57,55
1615,Spring 2016,CSC 211 [01 ],38,40
1616,Spring 2016,CSC 220 [01 ],40,40
1617,Spring 2016,CSC 220 [02 ],38,40
1618,Spring 2016,CSC 220 [03 ],56,55
1619,Spring 2016,CSC 220 [04 ],23,40
1620,Spring 2016,CSC 230 [01 ],38,40
1621,Spring 2016,CSC 230 [02 ],34,40
1622,Spring 2016,CSC 230 [03 ],53,55
1623,Spring 2016,CSC 256 [01 ],39,40
1624,Spring 2016,CSC 256 [02 ],49,55
1625,Spring 2016,CSC 300GW [01 ],24,25
1626,Spring 2016,CSC 300GW [02 ],25,25
1627,Spring 2016,CSC 300GW [03 ],25,25
1628,Spring 2016,CSC 300GW [04 ],25,25
1629,Spring 2016,CSC 309 [01 ],30,55
1630,Spring 2016,CSC 340 [01 ],61,55
1631,Spring 2016,CSC 340 [02 ],34,55
1632,Spring 2016,CSC 340 [03 ],54,55
1633,Spring 2016,CSC 412 [01 ],33,40
1634,Spring 2016,CSC 412 [02 ],40,40
1635,Spring 2016,CSC 412 [03 ],43,40
1636,Spring 2016,CSC 413 [01 ],42,40
1637,Spring 2016,CSC 413 [02 ],21,40
1638,Spring 2016,CSC 413 [03 ],51,55
1639,Spring 2016,CSC 415 [01 ],58,50
1640,Spring 2016,CSC 415 [02 ],46,50
1641,Spring 2016,CSC 510 [01 ],45,40
1642,Spring 2016,CSC 510 [02 ],68,55
1643,Spring 2016,CSC 520 [01 ],66,55
1644,Spring 2016,CSC 600 [01 ],40,55
1645,Spring 2016,CSC 600 [02 ],41,40
1646,Spring 2016,CSC 621 [01 ],18,25
1647,Spring 2016,CSC 631 [01 ],27,25
1648,Spring 2016,CSC 645 [01 ],25,25
1649,Spring 2016,CSC 648 [01 ],48,40
1650,Spring 2016,CSC 650 [01 ],36,50
1651,Spring 2016,CSC 656 [01 ],39,50
1652,Spring 2016,CSC 667 [01 ],37,30
1653,Spring 2016,CSC 668 [01 ],26,35
1654,Spring 2016,CSC 675 [01 ],33,30
1655,Spring 2016,CSC 675 [02 ],28,20
1656,Spring 2016,CSC 694 [01 ],1,15
1657,Spring 2016,CSC 699 [01 ],0,15
1658,Spring 2016,CSC 720 [01 ],30,20
1659,Spring 2016,CSC 745 [01 ],9,15
1660,Spring 2016,CSC 775 [01 ],8,10
1661,Spring 2016,CSC 775 [02 ],15,15
1662,Spring 2016,CSC 810 [01 ],12,20
1663,Spring 2016,CSC 821 [01 ],11,15
1664,Spring 2016,CSC 831 [01 ],9,15
1665,Spring 2016,CSC 840 [01 ],9,20
1666,Spring 2016,CSC 848 [01 ],9,15
1667,Spring 2016,CSC 867 [01 ],4,10
1668,Spring 2016,CSC 868 [01 ],21,20
1669,Spring 2016,CSC 890 [01 ],8,40
1670,Spring 2016,CSC 890 [02 ],6,20
1671,Spring 2016,CSC 893 [01 ],0,15
1672,Spring 2016,CSC 895 [01 ],0,5
1673,Spring 2016,CSC 897 [01 ],0,5
1674,Spring 2016,CSC 898 [01 ],0,5
1675,Spring 2016,CSC 899 [01 ],0,10
1676,Spring 2016,CSC 775 [01 ],8,10
1677,Spring 2016,CSC 775 [02 ],15,15
1678,Spring 2016,CSC 810 [01 ],12,20
1679,Spring 2016,CSC 821 [01 ],11,15
1680,Spring 2016,CSC 831 [01 ],9,15
1681,Spring 2016,CSC 840 [01 ],9,20
1682,Spring 2016,CSC 848 [01 ],9,15
1683,Spring 2016,CSC 867 [01 ],4,10
1684,Spring 2016,CSC 868 [01 ],21,20
1685,Spring 2016,CSC 890 [01 ],8,40
1686,Spring 2016,CSC 890 [02 ],6,20
1687,Spring 2016,CSC 893 [01 ],0,15
1688,Spring 2016,CSC 895 [01 ],0,5
1689,Spring 2016,CSC 897 [01 ],0,5
1690,Spring 2016,CSC 898 [01 ],0,5
1691,Spring 2016,CSC 899 [01 ],0,10
1692,Spring 2016,CSC 775 [01 ],8,10
1693,Spring 2016,CSC 775 [02 ],15,15
1694,Spring 2016,CSC 810 [01 ],12,20
1695,Spring 2016,CSC 821 [01 ],11,15
1696,Spring 2016,CSC 831 [01 ],9,15
1697,Spring 2016,CSC 840 [01 ],9,20
1698,Spring 2016,CSC 848 [01 ],9,15
1699,Spring 2016,CSC 867 [01 ],4,10
1700,Spring 2016,CSC 868 [01 ],21,20
1701,Spring 2016,CSC 890 [01 ],8,40
1702,Spring 2016,CSC 890 [02 ],6,20
1703,Spring 2016,CSC 893 [01 ],0,15
1704,Spring 2016,CSC 895 [01 ],0,5
1705,Spring 2016,CSC 897 [01 ],0,5
1706,Spring 2016,CSC 898 [01 ],0,5
1707,Spring 2016,CSC 899 [01 ],0,10
1708,Spring 2016,CSC 775 [01 ],8,10
1709,Spring 2016,CSC 775 [02 ],15,15
1710,Spring 2016,CSC 810 [01 ],12,20
1711,Spring 2016,CSC 821 [01 ],11,15
1712,Spring 2016,CSC 831 [01 ],9,15
1713,Spring 2016,CSC 840 [01 ],9,20
1714,Spring 2016,CSC 848 [01 ],9,15
1715,Spring 2016,CSC 867 [01 ],4,10
1716,Spring 2016,CSC 868 [01 ],21,20
1717,Spring 2016,CSC 890 [01 ],8,40
1718,Spring 2016,CSC 890 [02 ],6,20
1719,Spring 2016,CSC 893 [01 ],0,15
1720,Spring 2016,CSC 895 [01 ],0,5
1721,Spring 2016,CSC 897 [01 ],0,5
1722,Spring 2016,CSC 898 [01 ],0,5
1723,Spring 2016,CSC 899 [01 ],0,10
1724,Fall 2017,CSC 210 [01 ],70,50
1725,Fall 2017,CSC 210 [02 ],58,50
1726,Fall 2017,CSC 210 [03 ],68,50
1727,Fall 2017,CSC 210 [04 ],49,50
1728,Fall 2017,CSC 211 [01 ],31,40
1729,Fall 2017,CSC 220 [01 ],45,40
1730,Fall 2017,CSC 220 [02 ],43,40
1731,Fall 2017,CSC 220 [03 ],49,45
1732,Fall 2017,CSC 220 [04 ],51,50
1733,Fall 2017,CSC 230 [01 ],52,45
1734,Fall 2017,CSC 230 [02 ],47,40
1735,Fall 2017,CSC 230 [03 ],42,40
1736,Fall 2017,CSC 256 [01 ],59,60
1737,Fall 2017,CSC 256 [02 ],61,60
1738,Fall 2017,CSC 300GW [01 ],31,25
1739,Fall 2017,CSC 300GW [02 ],30,25
1740,Fall 2017,CSC 300GW [03 ],30,25
1741,Fall 2017,CSC 300GW [04 ],29,25
1742,Fall 2017,CSC 340 [01 ],44,45
1743,Fall 2017,CSC 340 [02 ],44,45
1744,Fall 2017,CSC 340 [03 ],51,50
1745,Fall 2017,CSC 340 [04 ],56,40
1746,Fall 2017,CSC 340 [05 ],39,50
1747,Fall 2017,CSC 412 [01 ],43,40
1748,Fall 2017,CSC 412 [02 ],45,40
1749,Fall 2017,CSC 412 [03 ],43,40
1750,Fall 2017,CSC 412 [04 ],44,40
1751,Fall 2017,CSC 413 [01 ],38,40
1752,Fall 2017,CSC 413 [02 ],46,45
1753,Fall 2017,CSC 413 [03 ],18,45
1754,Fall 2017,CSC 413 [04 ],30,45
1755,Fall 2017,CSC 415 [01 ],41,50
1756,Fall 2017,CSC 415 [02 ],53,50
1757,Fall 2017,CSC 510 [01 ],38,45
1758,Fall 2017,CSC 510 [02 ],47,60
1759,Fall 2017,CSC 510 [03 ],11,40
1760,Fall 2017,CSC 520 [01 ],59,60
1761,Fall 2017,CSC 600 [01 ],33,40
1762,Fall 2017,CSC 600 [02 ],43,60
1763,Fall 2017,CSC 600 [03 ],43,40
1764,Fall 2017,CSC 641 [01 ],27,30
1765,Fall 2017,CSC 645 [01 ],29,35
1766,Fall 2017,CSC 648 [01 ],35,35
1767,Fall 2017,CSC 648 [02 ],41,35
1768,Fall 2017,CSC 667 [01 ],40,45
1769,Fall 2017,CSC 675 [01 ],46,40
1770,Fall 2017,CSC 675 [02 ],38,40
1771,Fall 2017,CSC 690 [01 ],32,50
1772,Fall 2017,CSC 694 [01 ],0,36
1773,Fall 2017,CSC 699 [01 ],0,15
1774,Fall 2017,CSC 720 [01 ],12,20
1775,Fall 2017,CSC 745 [01 ],7,10
1776,Fall 2017,CSC 775 [01 ],5,10
1777,Fall 2017,CSC 775 [02 ],1,10
1778,Fall 2017,CSC 780 [01 ],13,20
1779,Fall 2017,CSC 810 [01 ],29,40
1780,Fall 2017,CSC 841 [01 ],0,10
1781,Fall 2017,CSC 848 [01 ],3,5
1782,Fall 2017,CSC 848 [02 ],7,10
1783,Fall 2017,CSC 857 [01 ],6,20
1784,Fall 2017,CSC 867 [01 ],12,10
1785,Fall 2017,CSC 872 [01 ],19,20
1786,Fall 2017,CSC 877 [01 ],8,20
1787,Fall 2017,CSC 890 [01 ],13,20
1788,Fall 2017,CSC 893 [01 ],0,10
1789,Fall 2017,CSC 895 [01 ],0,0
1790,Fall 2017,CSC 897 [01 ],0,24
1791,Fall 2017,CSC 898 [01 ],0,0
1792,Fall 2017,CSC 899 [01 ],0,15
1793,Fall 2017,CSC 720 [01 ],12,20
1794,Fall 2017,CSC 745 [01 ],7,10
1795,Fall 2017,CSC 775 [01 ],5,10
1796,Fall 2017,CSC 775 [02 ],1,10
1797,Fall 2017,CSC 780 [01 ],13,20
1798,Fall 2017,CSC 810 [01 ],29,40
1799,Fall 2017,CSC 841 [01 ],0,10
1800,Fall 2017,CSC 848 [01 ],3,5
1801,Fall 2017,CSC 848 [02 ],7,10
1802,Fall 2017,CSC 857 [01 ],6,20
1803,Fall 2017,CSC 867 [01 ],12,10
1804,Fall 2017,CSC 872 [01 ],19,20
1805,Fall 2017,CSC 877 [01 ],8,20
1806,Fall 2017,CSC 890 [01 ],13,20
1807,Fall 2017,CSC 893 [01 ],0,10
1808,Fall 2017,CSC 895 [01 ],0,0
1809,Fall 2017,CSC 897 [01 ],0,24
1810,Fall 2017,CSC 898 [01 ],0,0
1811,Fall 2017,CSC 899 [01 ],0,15
1812,Fall 2017,CSC 720 [01 ],12,20
1813,Fall 2017,CSC 745 [01 ],7,10
1814,Fall 2017,CSC 775 [01 ],5,10
1815,Fall 2017,CSC 775 [02 ],1,10
1816,Fall 2017,CSC 780 [01 ],13,20
1817,Fall 2017,CSC 810 [01 ],29,40
1818,Fall 2017,CSC 841 [01 ],0,10
1819,Fall 2017,CSC 848 [01 ],3,5
1820,Fall 2017,CSC 848 [02 ],7,10
1821,Fall 2017,CSC 857 [01 ],6,20
1822,Fall 2017,CSC 867 [01 ],12,10
1823,Fall 2017,CSC 872 [01 ],19,20
1824,Fall 2017,CSC 877 [01 ],8,20
1825,Fall 2017,CSC 890 [01 ],13,20
1826,Fall 2017,CSC 893 [01 ],0,10
1827,Fall 2017,CSC 895 [01 ],0,0
1828,Fall 2017,CSC 897 [01 ],0,24
1829,Fall 2017,CSC 898 [01 ],0,0
1830,Fall 2017,CSC 899 [01 ],0,15
1831,Fall 2017,CSC 720 [01 ],12,20
1832,Fall 2017,CSC 745 [01 ],7,10
1833,Fall 2017,CSC 775 [01 ],5,10
1834,Fall 2017,CSC 775 [02 ],1,10
1835,Fall 2017,CSC 780 [01 ],13,20
1836,Fall 2017,CSC 810 [01 ],29,40
1837,Fall 2017,CSC 841 [01 ],0,10
1838,Fall 2017,CSC 848 [01 ],3,5
1839,Fall 2017,CSC 848 [02 ],7,10
1840,Fall 2017,CSC 857 [01 ],6,20
1841,Fall 2017,CSC 867 [01 ],12,10
1842,Fall 2017,CSC 872 [01 ],19,20
1843,Fall 2017,CSC 877 [01 ],8,20
1844,Fall 2017,CSC 890 [01 ],13,20
1845,Fall 2017,CSC 893 [01 ],0,10
1846,Fall 2017,CSC 895 [01 ],0,0
1847,Fall 2017,CSC 897 [01 ],0,24
1848,Fall 2017,CSC 898 [01 ],0,0
1849,Fall 2017,CSC 899 [01 ],0,15
1850,Spring 2017,CSC 210 [01 ],56,50
1851,Spring 2017,CSC 210 [02 ],59,60
1852,Spring 2017,CSC 210 [03 ],50,50
1853,Spring 2017,CSC 210 [04 ],57,55
1854,Spring 2017,CSC 210 [05 ],58,55
1855,Spring 2017,CSC 211 [01 ],40,40
1856,Spring 2017,CSC 220 [01 ],40,40
1857,Spring 2017,CSC 220 [02 ],41,40
1858,Spring 2017,CSC 220 [03 ],52,50
1859,Spring 2017,CSC 220 [05 ],36,40
1860,Spring 2017,CSC 230 [01 ],47,45
1861,Spring 2017,CSC 230 [02 ],45,45
1862,Spring 2017,CSC 230 [03 ],49,50
1863,Spring 2017,CSC 230 [04 ],53,45
1864,Spring 2017,CSC 256 [01 ],65,55
1865,Spring 2017,CSC 256 [02 ],66,55
1866,Spring 2017,CSC 300GW [01 ],28,25
1867,Spring 2017,CSC 300GW [02 ],29,25
1868,Spring 2017,CSC 300GW [03 ],28,25
1869,Spring 2017,CSC 300GW [04 ],28,25
1870,Spring 2017,CSC 309 [01 ],47,55
1871,Spring 2017,CSC 340 [01 ],44,45
1872,Spring 2017,CSC 340 [02 ],44,45
1873,Spring 2017,CSC 340 [03 ],40,40
1874,Spring 2017,CSC 340 [05 ],38,50
1875,Spring 2017,CSC 412 [01 ],41,40
1876,Spring 2017,CSC 412 [02 ],40,40
1877,Spring 2017,CSC 412 [03 ],39,40
1878,Spring 2017,CSC 413 [01 ],22,40
1879,Spring 2017,CSC 413 [02 ],24,40
1880,Spring 2017,CSC 413 [03 ],50,55
1881,Spring 2017,CSC 415 [01 ],49,50
1882,Spring 2017,CSC 415 [03 ],47,45
1883,Spring 2017,CSC 510 [01 ],45,40
1884,Spring 2017,CSC 510 [02 ],46,45
1885,Spring 2017,CSC 510 [03 ],14,40
1886,Spring 2017,CSC 520 [01 ],56,50
1887,Spring 2017,CSC 600 [01 ],39,40
1888,Spring 2017,CSC 600 [02 ],66,50
1889,Spring 2017,CSC 621 [01 ],19,20
1890,Spring 2017,CSC 631 [01 ],43,35
1891,Spring 2017,CSC 641 [01 ],13,30
1892,Spring 2017,CSC 645 [01 ],35,40
1893,Spring 2017,CSC 648 [01 ],44,35
1894,Spring 2017,CSC 648 [02 ],35,35
1895,Spring 2017,CSC 650 [01 ],41,50
1896,Spring 2017,CSC 656 [01 ],41,50
1897,Spring 2017,CSC 667 [01 ],45,55
1898,Spring 2017,CSC 668 [01 ],22,30
1899,Spring 2017,CSC 675 [01 ],43,40
1900,Spring 2017,CSC 675 [02 ],41,40
1901,Spring 2017,CSC 694 [01 ],1,15
1902,Spring 2017,CSC 699 [01 ],0,15
1903,Spring 2017,CSC 720 [01 ],10,20
1904,Spring 2017,CSC 745 [01 ],9,10
1905,Spring 2017,CSC 775 [01 ],3,15
1906,Spring 2017,CSC 775 [02 ],3,10
1907,Spring 2017,CSC 780 [01 ],18,20
1908,Spring 2017,CSC 821 [01 ],1,10
1909,Spring 2017,CSC 831 [01 ],2,10
1910,Spring 2017,CSC 841 [01 ],0,10
1911,Spring 2017,CSC 848 [01 ],2,5
1912,Spring 2017,CSC 848 [02 ],2,5
1913,Spring 2017,CSC 849 [01 ],14,20
1914,Spring 2017,CSC 867 [01 ],6,10
1915,Spring 2017,CSC 868 [01 ],4,10
1916,Spring 2017,CSC 869 [01 ],16,20
1917,Spring 2017,CSC 877 [01 ],10,20
1918,Spring 2017,CSC 890 [01 ],6,20
1919,Spring 2017,CSC 893 [01 ],2,15
1920,Spring 2017,CSC 895 [01 ],0,5
1921,Spring 2017,CSC 897 [01 ],0,5
1922,Spring 2017,CSC 898 [01 ],0,5
1923,Spring 2017,CSC 899 [01 ],0,10
1924,Spring 2017,CSC 675 [02 ],41,40
1925,Spring 2017,CSC 694 [01 ],1,15
1926,Spring 2017,CSC 699 [01 ],0,15
1927,Spring 2017,CSC 720 [01 ],10,20
1928,Spring 2017,CSC 745 [01 ],9,10
1929,Spring 2017,CSC 775 [01 ],3,15
1930,Spring 2017,CSC 775 [02 ],3,10
1931,Spring 2017,CSC 780 [01 ],18,20
1932,Spring 2017,CSC 821 [01 ],1,10
1933,Spring 2017,CSC 831 [01 ],2,10
1934,Spring 2017,CSC 841 [01 ],0,10
1935,Spring 2017,CSC 848 [01 ],2,5
1936,Spring 2017,CSC 848 [02 ],2,5
1937,Spring 2017,CSC 849 [01 ],14,20
1938,Spring 2017,CSC 867 [01 ],6,10
1939,Spring 2017,CSC 868 [01 ],4,10
1940,Spring 2017,CSC 869 [01 ],16,20
1941,Spring 2017,CSC 877 [01 ],10,20
1942,Spring 2017,CSC 890 [01 ],6,20
1943,Spring 2017,CSC 893 [01 ],2,15
1944,Spring 2017,CSC 895 [01 ],0,5
1945,Spring 2017,CSC 897 [01 ],0,5
1946,Spring 2017,CSC 898 [01 ],0,5
1947,Spring 2017,CSC 899 [01 ],0,10
1948,Spring 2017,CSC 675 [02 ],41,40
1949,Spring 2017,CSC 694 [01 ],1,15
1950,Spring 2017,CSC 699 [01 ],0,15
1951,Spring 2017,CSC 720 [01 ],10,20
1952,Spring 2017,CSC 745 [01 ],9,10
1953,Spring 2017,CSC 775 [01 ],3,15
1954,Spring 2017,CSC 775 [02 ],3,10
1955,Spring 2017,CSC 780 [01 ],18,20
1956,Spring 2017,CSC 821 [01 ],1,10
1957,Spring 2017,CSC 831 [01 ],2,10
1958,Spring 2017,CSC 841 [01 ],0,10
1959,Spring 2017,CSC 848 [01 ],2,5
1960,Spring 2017,CSC 848 [02 ],2,5
1961,Spring 2017,CSC 849 [01 ],14,20
1962,Spring 2017,CSC 867 [01 ],6,10
1963,Spring 2017,CSC 868 [01 ],4,10
1964,Spring 2017,CSC 869 [01 ],16,20
1965,Spring 2017,CSC 877 [01 ],10,20
1966,Spring 2017,CSC 890 [01 ],6,20
1967,Spring 2017,CSC 893 [01 ],2,15
1968,Spring 2017,CSC 895 [01 ],0,5
1969,Spring 2017,CSC 897 [01 ],0,5
1970,Spring 2017,CSC 898 [01 ],0,5
1971,Spring 2017,CSC 899 [01 ],0,10
1972,Spring 2017,CSC 675 [02 ],41,40
1973,Spring 2017,CSC 694 [01 ],1,15
1974,Spring 2017,CSC 699 [01 ],0,15
1975,Spring 2017,CSC 720 [01 ],10,20
1976,Spring 2017,CSC 745 [01 ],9,10
1977,Spring 2017,CSC 775 [01 ],3,15
1978,Spring 2017,CSC 775 [02 ],3,10
1979,Spring 2017,CSC 780 [01 ],18,20
1980,Spring 2017,CSC 821 [01 ],1,10
1981,Spring 2017,CSC 831 [01 ],2,10
1982,Spring 2017,CSC 841 [01 ],0,10
1983,Spring 2017,CSC 848 [01 ],2,5
1984,Spring 2017,CSC 848 [02 ],2,5
1985,Spring 2017,CSC 849 [01 ],14,20
1986,Spring 2017,CSC 867 [01 ],6,10
1987,Spring 2017,CSC 868 [01 ],4,10
1988,Spring 2017,CSC 869 [01 ],16,20
1989,Spring 2017,CSC 877 [01 ],10,20
1990,Spring 2017,CSC 890 [01 ],6,20
1991,Spring 2017,CSC 893 [01 ],2,15
1992,Spring 2017,CSC 895 [01 ],0,5
1993,Spring 2017,CSC 897 [01 ],0,5
1994,Spring 2017,CSC 898 [01 ],0,5
1995,Spring 2017,CSC 899 [01 ],0,10
1996,Fall 2017,CSC 210 [01 ],70,50
1997,Fall 2017,CSC 210 [02 ],58,50
1998,Fall 2017,CSC 210 [03 ],68,50
1999,Fall 2017,CSC 210 [04 ],49,50
2000,Fall 2017,CSC 211 [01 ],31,40
2001,Fall 2017,CSC 220 [01 ],45,40
2002,Fall 2017,CSC 220 [02 ],43,40
2003,Fall 2017,CSC 220 [03 ],49,45
2004,Fall 2017,CSC 220 [04 ],51,50
2005,Fall 2017,CSC 230 [01 ],52,45
2006,Fall 2017,CSC 230 [02 ],47,40
2007,Fall 2017,CSC 230 [03 ],42,40
2008,Fall 2017,CSC 256 [01 ],59,60
2009,Fall 2017,CSC 256 [02 ],61,60
2010,Fall 2017,CSC 300GW [01 ],31,25
2011,Fall 2017,CSC 300GW [02 ],30,25
2012,Fall 2017,CSC 300GW [03 ],30,25
2013,Fall 2017,CSC 300GW [04 ],29,25
2014,Fall 2017,CSC 340 [01 ],44,45
2015,Fall 2017,CSC 340 [02 ],44,45
2016,Fall 2017,CSC 340 [03 ],51,50
2017,Fall 2017,CSC 340 [04 ],56,40
2018,Fall 2017,CSC 340 [05 ],39,50
2019,Fall 2017,CSC 412 [01 ],43,40
2020,Fall 2017,CSC 412 [02 ],45,40
2021,Fall 2017,CSC 412 [03 ],43,40
2022,Fall 2017,CSC 412 [04 ],44,40
2023,Fall 2017,CSC 413 [01 ],38,40
2024,Fall 2017,CSC 413 [02 ],46,45
2025,Fall 2017,CSC 413 [03 ],18,45
2026,Fall 2017,CSC 413 [04 ],30,45
2027,Fall 2017,CSC 415 [01 ],41,50
2028,Fall 2017,CSC 415 [02 ],53,50
2029,Fall 2017,CSC 510 [01 ],38,45
2030,Fall 2017,CSC 510 [02 ],47,60
2031,Fall 2017,CSC 510 [03 ],11,40
2032,Fall 2017,CSC 520 [01 ],59,60
2033,Fall 2017,CSC 600 [01 ],33,40
2034,Fall 2017,CSC 600 [02 ],43,60
2035,Fall 2017,CSC 600 [03 ],43,40
2036,Fall 2017,CSC 641 [01 ],27,30
2037,Fall 2017,CSC 645 [01 ],29,35
2038,Fall 2017,CSC 648 [01 ],35,35
2039,Fall 2017,CSC 648 [02 ],41,35
2040,Fall 2017,CSC 667 [01 ],40,45
2041,Fall 2017,CSC 675 [01 ],46,40
2042,Fall 2017,CSC 675 [02 ],38,40
2043,Fall 2017,CSC 690 [01 ],32,50
2044,Fall 2017,CSC 694 [01 ],0,36
2045,Fall 2017,CSC 699 [01 ],0,15
2046,Fall 2017,CSC 720 [01 ],12,20
2047,Fall 2017,CSC 745 [01 ],7,10
2048,Fall 2017,CSC 775 [01 ],5,10
2049,Fall 2017,CSC 775 [02 ],1,10
2050,Fall 2017,CSC 780 [01 ],13,20
2051,Fall 2017,CSC 810 [01 ],29,40
2052,Fall 2017,CSC 841 [01 ],0,10
2053,Fall 2017,CSC 848 [01 ],3,5
2054,Fall 2017,CSC 848 [02 ],7,10
2055,Fall 2017,CSC 857 [01 ],6,20
2056,Fall 2017,CSC 867 [01 ],12,10
2057,Fall 2017,CSC 872 [01 ],19,20
2058,Fall 2017,CSC 877 [01 ],8,20
2059,Fall 2017,CSC 890 [01 ],13,20
2060,Fall 2017,CSC 893 [01 ],0,10
2061,Fall 2017,CSC 895 [01 ],0,0
2062,Fall 2017,CSC 897 [01 ],0,24
2063,Fall 2017,CSC 898 [01 ],0,0
2064,Fall 2017,CSC 899 [01 ],0,15
2065,Fall 2017,CSC 720 [01 ],12,20
2066,Fall 2017,CSC 745 [01 ],7,10
2067,Fall 2017,CSC 775 [01 ],5,10
2068,Fall 2017,CSC 775 [02 ],1,10
2069,Fall 2017,CSC 780 [01 ],13,20
2070,Fall 2017,CSC 810 [01 ],29,40
2071,Fall 2017,CSC 841 [01 ],0,10
2072,Fall 2017,CSC 848 [01 ],3,5
2073,Fall 2017,CSC 848 [02 ],7,10
2074,Fall 2017,CSC 857 [01 ],6,20
2075,Fall 2017,CSC 867 [01 ],12,10
2076,Fall 2017,CSC 872 [01 ],19,20
2077,Fall 2017,CSC 877 [01 ],8,20
2078,Fall 2017,CSC 890 [01 ],13,20
2079,Fall 2017,CSC 893 [01 ],0,10
2080,Fall 2017,CSC 895 [01 ],0,0
2081,Fall 2017,CSC 897 [01 ],0,24
2082,Fall 2017,CSC 898 [01 ],0,0
2083,Fall 2017,CSC 899 [01 ],0,15
2084,Fall 2017,CSC 720 [01 ],12,20
2085,Fall 2017,CSC 745 [01 ],7,10
2086,Fall 2017,CSC 775 [01 ],5,10
2087,Fall 2017,CSC 775 [02 ],1,10
2088,Fall 2017,CSC 780 [01 ],13,20
2089,Fall 2017,CSC 810 [01 ],29,40
2090,Fall 2017,CSC 841 [01 ],0,10
2091,Fall 2017,CSC 848 [01 ],3,5
2092,Fall 2017,CSC 848 [02 ],7,10
2093,Fall 2017,CSC 857 [01 ],6,20
2094,Fall 2017,CSC 867 [01 ],12,10
2095,Fall 2017,CSC 872 [01 ],19,20
2096,Fall 2017,CSC 877 [01 ],8,20
2097,Fall 2017,CSC 890 [01 ],13,20
2098,Fall 2017,CSC 893 [01 ],0,10
2099,Fall 2017,CSC 895 [01 ],0,0
2100,Fall 2017,CSC 897 [01 ],0,24
2101,Fall 2017,CSC 898 [01 ],0,0
2102,Fall 2017,CSC 899 [01 ],0,15
2103,Fall 2017,CSC 720 [01 ],12,20
2104,Fall 2017,CSC 745 [01 ],7,10
2105,Fall 2017,CSC 775 [01 ],5,10
2106,Fall 2017,CSC 775 [02 ],1,10
2107,Fall 2017,CSC 780 [01 ],13,20
2108,Fall 2017,CSC 810 [01 ],29,40
2109,Fall 2017,CSC 841 [01 ],0,10
2110,Fall 2017,CSC 848 [01 ],3,5
2111,Fall 2017,CSC 848 [02 ],7,10
2112,Fall 2017,CSC 857 [01 ],6,20
2113,Fall 2017,CSC 867 [01 ],12,10
2114,Fall 2017,CSC 872 [01 ],19,20
2115,Fall 2017,CSC 877 [01 ],8,20
2116,Fall 2017,CSC 890 [01 ],13,20
2117,Fall 2017,CSC 893 [01 ],0,10
2118,Fall 2017,CSC 895 [01 ],0,0
2119,Fall 2017,CSC 897 [01 ],0,24
2120,Fall 2017,CSC 898 [01 ],0,0
2121,Fall 2017,CSC 899 [01 ],0,15
2122,Spring 2018,CSC 210 [01 ],57,50
2123,Spring 2018,CSC 210 [02 ],69,65
2124,Spring 2018,CSC 210 [03 ],61,50
2125,Spring 2018,CSC 210 [04 ],40,40
2126,Spring 2018,CSC 210 [05 ],45,40
2127,Spring 2018,CSC 211 [01 ],39,40
2128,Spring 2018,CSC 220 [01 ],41,40
2129,Spring 2018,CSC 220 [02 ],48,45
2130,Spring 2018,CSC 220 [04 ],42,45
2131,Spring 2018,CSC 220 [05 ],46,45
2132,Spring 2018,CSC 230 [01 ],47,45
2133,Spring 2018,CSC 230 [02 ],41,40
2134,Spring 2018,CSC 230 [03 ],42,45
2135,Spring 2018,CSC 230 [04 ],44,40
2136,Spring 2018,CSC 256 [01 ],35,45
2137,Spring 2018,CSC 256 [03 ],117,100
2138,Spring 2018,CSC 300GW [01 ],30,25
2139,Spring 2018,CSC 300GW [02 ],30,25
2140,Spring 2018,CSC 300GW [03 ],30,25
2141,Spring 2018,CSC 300GW [04 ],31,25
2142,Spring 2018,CSC 309 [01 ],49,50
2143,Spring 2018,CSC 340 [01 ],44,45
2144,Spring 2018,CSC 340 [02 ],45,45
2145,Spring 2018,CSC 340 [03 ],76,100
2146,Spring 2018,CSC 340 [04 ],40,45
2147,Spring 2018,CSC 412 [01 ],39,40
2148,Spring 2018,CSC 412 [02 ],38,40
2149,Spring 2018,CSC 412 [03 ],22,40
2150,Spring 2018,CSC 412 [04 ],36,40
2151,Spring 2018,CSC 412 [05 ],35,40
2152,Spring 2018,CSC 413 [01 ],20,40
2153,Spring 2018,CSC 413 [02 ],50,50
2154,Spring 2018,CSC 413 [03 ],65,50
2155,Spring 2018,CSC 413 [04 ],22,40
2156,Spring 2018,CSC 413 [05 ],12,45
2157,Spring 2018,CSC 415 [01 ],47,50
2158,Spring 2018,CSC 415 [02 ],71,45
2159,Spring 2018,CSC 510 [01 ],62,55
2160,Spring 2018,CSC 510 [02 ],62,55
2161,Spring 2018,CSC 520 [01 ],43,50
2162,Spring 2018,CSC 600 [01 ],66,100
2163,Spring 2018,CSC 600 [02 ],48,50
2164,Spring 2018,CSC 621 [01 ],29,30
2165,Spring 2018,CSC 631 [01 ],32,30
2166,Spring 2018,CSC 641 [01 ],19,30
2167,Spring 2018,CSC 648 [01 ],40,35
2168,Spring 2018,CSC 648 [02 ],34,35
2169,Spring 2018,CSC 656 [01 ],56,45
2170,Spring 2018,CSC 665 [01 ],41,40
2171,Spring 2018,CSC 667 [01 ],33,35
2172,Spring 2018,CSC 668 [01 ],21,30
2173,Spring 2018,CSC 675 [01 ],39,40
2174,Spring 2018,CSC 675 [02 ],43,40
2175,Spring 2018,CSC 690 [01 ],48,40
2176,Spring 2018,CSC 694 [01 ],5,15
2177,Spring 2018,CSC 698 [01 ],33,40
2178,Spring 2018,CSC 699 [01 ],0,15
2179,Spring 2018,CSC 720 [01 ],8,20
2180,Spring 2018,CSC 775 [01 ],10,10
2181,Spring 2018,CSC 775 [02 ],2,5
2182,Spring 2018,CSC 780 [01 ],11,20
2183,Spring 2018,CSC 821 [01 ],0,10
2184,Spring 2018,CSC 831 [01 ],3,10
2185,Spring 2018,CSC 841 [01 ],0,8
2186,Spring 2018,CSC 845 [01 ],9,20
2187,Spring 2018,CSC 848 [01 ],6,5
2188,Spring 2018,CSC 848 [02 ],4,5
2189,Spring 2018,CSC 867 [01 ],5,10
2190,Spring 2018,CSC 868 [01 ],3,10
2191,Spring 2018,CSC 869 [01 ],17,20
2192,Spring 2018,CSC 874 [01 ],6,20
2193,Spring 2018,CSC 890 [01 ],7,20
2194,Spring 2018,CSC 893 [01 ],3,15
2195,Spring 2018,CSC 895 [01 ],0,5
2196,Spring 2018,CSC 897 [01 ],0,5
2197,Spring 2018,CSC 898 [01 ],0,5
2198,Spring 2018,CSC 899 [01 ],0,10
2199,Spring 2018,CSC 898 [01 ],0,5
2200,Spring 2018,CSC 899 [01 ],0,10
2201,Spring 2018,CSC 898 [01 ],0,5
2202,Spring 2018,CSC 899 [01 ],0,10
2203,Fall 2018,CSC 110 [01 ],25,30
2204,Fall 2018,CSC 210 [01 ],48,50
2205,Fall 2018,CSC 210 [02 ],49,50
2206,Fall 2018,CSC 210 [03 ],47,40
2207,Fall 2018,CSC 210 [05 ],39,40
2208,Fall 2018,CSC 211 [01 ],23,40
2209,Fall 2018,CSC 220 [01 ],42,40
2210,Fall 2018,CSC 220 [02 ],41,40
2211,Fall 2018,CSC 220 [03 ],64,45
2212,Fall 2018,CSC 220 [04 ],45,45
2213,Fall 2018,CSC 230 [01 ],40,40
2214,Fall 2018,CSC 230 [02 ],53,45
2215,Fall 2018,CSC 230 [03 ],45,40
2216,Fall 2018,CSC 256 [01 ],60,45
2217,Fall 2018,CSC 256 [02 ],49,45
2218,Fall 2018,CSC 300GW [01 ],30,25
2219,Fall 2018,CSC 300GW [02 ],30,25
2220,Fall 2018,CSC 300GW [03 ],31,25
2221,Fall 2018,CSC 300GW [04 ],29,25
2222,Fall 2018,CSC 340 [01 ],39,45
2223,Fall 2018,CSC 340 [02 ],47,45
2224,Fall 2018,CSC 340 [03 ],49,45
2225,Fall 2018,CSC 340 [04 ],56,45
2226,Fall 2018,CSC 340 [05 ],65,45
2227,Fall 2018,CSC 412 [01 ],44,40
2228,Fall 2018,CSC 412 [02 ],44,40
2229,Fall 2018,CSC 412 [03 ],41,40
2230,Fall 2018,CSC 412 [04 ],42,40
2231,Fall 2018,CSC 413 [01 ],65,45
2232,Fall 2018,CSC 413 [02 ],47,45
2233,Fall 2018,CSC 413 [03 ],27,40
2234,Fall 2018,CSC 413 [04 ],35,40
2235,Fall 2018,CSC 415 [01 ],76,70
2236,Fall 2018,CSC 415 [02 ],76,55
2237,Fall 2018,CSC 510 [01 ],49,45
2238,Fall 2018,CSC 510 [02 ],76,60
2239,Fall 2018,CSC 510 [03 ],38,40
2240,Fall 2018,CSC 520 [01 ],48,45
2241,Fall 2018,CSC 520 [02 ],41,40
2242,Fall 2018,CSC 600 [01 ],74,40
2243,Fall 2018,CSC 600 [02 ],69,70
2244,Fall 2018,CSC 645 [01 ],23,35
2245,Fall 2018,CSC 648 [01 ],38,35
2246,Fall 2018,CSC 648 [02 ],48,35
2247,Fall 2018,CSC 656 [01 ],76,50
2248,Fall 2018,CSC 658 [01 ],56,40
2249,Fall 2018,CSC 665 [01 ],40,40
2250,Fall 2018,CSC 667 [01 ],31,40
2251,Fall 2018,CSC 675 [01 ],38,40
2252,Fall 2018,CSC 675 [02 ],24,40
2253,Fall 2018,CSC 690 [02 ],72,40
2254,Fall 2018,CSC 694 [01 ],0,36
2255,Fall 2018,CSC 699 [01 ],0,15
2256,Fall 2018,CSC 720 [01 ],21,20
2257,Fall 2018,CSC 745 [01 ],9,10
2258,Fall 2018,CSC 775 [01 ],3,10
2259,Fall 2018,CSC 775 [02 ],12,5
2260,Fall 2018,CSC 780 [01 ],17,20
2261,Fall 2018,CSC 810 [01 ],20,20
2262,Fall 2018,CSC 847 [01 ],17,20
2263,Fall 2018,CSC 848 [01 ],5,5
2264,Fall 2018,CSC 848 [02 ],5,5
2265,Fall 2018,CSC 849 [01 ],23,20
2266,Fall 2018,CSC 867 [01 ],4,5
2267,Fall 2018,CSC 874 [01 ],11,20
2268,Fall 2018,CSC 876 [01 ],8,20
2269,Fall 2018,CSC 895 [01 ],0,0
2270,Fall 2018,CSC 897 [01 ],0,24
2271,Fall 2018,CSC 898 [01 ],0,0
2272,Fall 2018,CSC 690 [02 ],72,40
2273,Fall 2018,CSC 694 [01 ],0,36
2274,Fall 2018,CSC 699 [01 ],0,15
2275,Fall 2018,CSC 720 [01 ],21,20
2276,Fall 2018,CSC 745 [01 ],9,10
2277,Fall 2018,CSC 775 [01 ],3,10
2278,Fall 2018,CSC 775 [02 ],12,5
2279,Fall 2018,CSC 780 [01 ],17,20
2280,Fall 2018,CSC 810 [01 ],20,20
2281,Fall 2018,CSC 847 [01 ],17,20
2282,Fall 2018,CSC 848 [01 ],5,5
2283,Fall 2018,CSC 848 [02 ],5,5
2284,Fall 2018,CSC 849 [01 ],23,20
2285,Fall 2018,CSC 867 [01 ],4,5
2286,Fall 2018,CSC 874 [01 ],11,20
2287,Fall 2018,CSC 876 [01 ],8,20
2288,Fall 2018,CSC 895 [01 ],0,0
2289,Fall 2018,CSC 897 [01 ],0,24
2290,Fall 2018,CSC 898 [01 ],0,0
2291,Fall 2018,CSC 690 [02 ],72,40
2292,Fall 2018,CSC 694 [01 ],0,36
2293,Fall 2018,CSC 699 [01 ],0,15
2294,Fall 2018,CSC 720 [01 ],21,20
2295,Fall 2018,CSC 745 [01 ],9,10
2296,Fall 2018,CSC 775 [01 ],3,10
2297,Fall 2018,CSC 775 [02 ],12,5
2298,Fall 2018,CSC 780 [01 ],17,20
2299,Fall 2018,CSC 810 [01 ],20,20
2300,Fall 2018,CSC 847 [01 ],17,20
2301,Fall 2018,CSC 848 [01 ],5,5
2302,Fall 2018,CSC 848 [02 ],5,5
2303,Fall 2018,CSC 849 [01 ],23,20
2304,Fall 2018,CSC 867 [01 ],4,5
2305,Fall 2018,CSC 874 [01 ],11,20
2306,Fall 2018,CSC 876 [01 ],8,20
2307,Fall 2018,CSC 895 [01 ],0,0
2308,Fall 2018,CSC 897 [01 ],0,24
2309,Fall 2018,CSC 898 [01 ],0,0
2310,Fall 2018,CSC 690 [02 ],72,40
2311,Fall 2018,CSC 694 [01 ],0,36
2312,Fall 2018,CSC 699 [01 ],0,15
2313,Fall 2018,CSC 720 [01 ],21,20
2314,Fall 2018,CSC 745 [01 ],9,10
2315,Fall 2018,CSC 775 [01 ],3,10
2316,Fall 2018,CSC 775 [02 ],12,5
2317,Fall 2018,CSC 780 [01 ],17,20
2318,Fall 2018,CSC 810 [01 ],20,20
2319,Fall 2018,CSC 847 [01 ],17,20
2320,Fall 2018,CSC 848 [01 ],5,5
2321,Fall 2018,CSC 848 [02 ],5,5
2322,Fall 2018,CSC 849 [01 ],23,20
2323,Fall 2018,CSC 867 [01 ],4,5
2324,Fall 2018,CSC 874 [01 ],11,20
2325,Fall 2018,CSC 876 [01 ],8,20
2326,Fall 2018,CSC 895 [01 ],0,0
2327,Fall 2018,CSC 897 [01 ],0,24
2328,Fall 2018,CSC 898 [01 ],0,0
2329,Spring 2019,CSC 210 [01 ],50,47
2330,Spring 2019,CSC 210 [02 ],52,50
2331,Spring 2019,CSC 210 [03 ],40,50
2332,Spring 2019,CSC 210 [04 ],58,50
2333,Spring 2019,CSC 210 [05 ],53,45
2334,Spring 2019,CSC 210 [06 ],50,45
2335,Spring 2019,CSC 210 [07 ],29,40
2336,Spring 2019,CSC 211 [01 ],25,40
2337,Spring 2019,CSC 220 [01 ],22,45
2338,Spring 2019,CSC 220 [02 ],40,45
2339,Spring 2019,CSC 220 [03 ],50,45
2340,Spring 2019,CSC 220 [04 ],41,45
2341,Spring 2019,CSC 220 [05 ],24,45
2342,Spring 2019,CSC 220 [06 ],24,40
2343,Spring 2019,CSC 230 [01 ],44,45
2344,Spring 2019,CSC 230 [02 ],42,45
2345,Spring 2019,CSC 230 [03 ],42,45
2346,Spring 2019,CSC 230 [04 ],36,45
2347,Spring 2019,CSC 256 [01 ],48,50
2348,Spring 2019,CSC 256 [02 ],46,50
2349,Spring 2019,CSC 256 [03 ],44,50
2350,Spring 2019,CSC 300GW [01 ],30,25
2351,Spring 2019,CSC 300GW [02 ],30,25
2352,Spring 2019,CSC 300GW [03 ],30,25
2353,Spring 2019,CSC 300GW [04 ],30,25
2354,Spring 2019,CSC 309 [01 ],46,45
2355,Spring 2019,CSC 340 [01 ],37,40
2356,Spring 2019,CSC 340 [02 ],42,40
2357,Spring 2019,CSC 340 [03 ],40,40
2358,Spring 2019,CSC 340 [04 ],40,40
2359,Spring 2019,CSC 340 [05 ],40,40
2360,Spring 2019,CSC 412 [01 ],40,40
2361,Spring 2019,CSC 412 [02 ],42,40
2362,Spring 2019,CSC 412 [03 ],36,40
2363,Spring 2019,CSC 412 [04 ],41,40
2364,Spring 2019,CSC 413 [01 ],16,40
2365,Spring 2019,CSC 413 [02 ],43,40
2366,Spring 2019,CSC 413 [03 ],52,40
2367,Spring 2019,CSC 413 [04 ],33,40
2368,Spring 2019,CSC 413 [05 ],28,40
2369,Spring 2019,CSC 415 [01 ],66,45
2370,Spring 2019,CSC 415 [02 ],46,45
2371,Spring 2019,CSC 415 [03 ],36,45
2372,Spring 2019,CSC 510 [01 ],40,40
2373,Spring 2019,CSC 510 [02 ],45,40
2374,Spring 2019,CSC 510 [03 ],30,40
2375,Spring 2019,CSC 510 [04 ],48,49
2376,Spring 2019,CSC 520 [01 ],31,40
2377,Spring 2019,CSC 600 [01 ],81,80
2378,Spring 2019,CSC 600 [02 ],81,80
2379,Spring 2019,CSC 631 [01 ],30,30
2380,Spring 2019,CSC 641 [01 ],19,35
2381,Spring 2019,CSC 645 [01 ],36,35
2382,Spring 2019,CSC 648 [01 ],46,35
2383,Spring 2019,CSC 648 [02 ],42,35
2384,Spring 2019,CSC 648 [03 ],32,35
2385,Spring 2019,CSC 648 [04 ],38,40
2386,Spring 2019,CSC 651 [01 ],38,40
2387,Spring 2019,CSC 656 [01 ],36,45
2388,Spring 2019,CSC 665 [01 ],38,40
2389,Spring 2019,CSC 667 [01 ],37,35
2390,Spring 2019,CSC 667 [02 ],45,35
2391,Spring 2019,CSC 668 [01 ],27,35
2392,Spring 2019,CSC 675 [01 ],41,40
2393,Spring 2019,CSC 675 [02 ],36,40
2394,Spring 2019,CSC 675 [03 ],29,40
2395,Spring 2019,CSC 690 [01 ],69,40
2396,Spring 2019,CSC 694 [01 ],3,15
2397,Spring 2019,CSC 698 [01 ],29,40
2398,Spring 2019,CSC 720 [01 ],11,20
2399,Spring 2019,CSC 745 [01 ],6,5
2400,Spring 2019,CSC 775 [01 ],6,5
2401,Spring 2019,CSC 775 [02 ],3,5
2402,Spring 2019,CSC 775 [03 ],0,5
2403,Spring 2019,CSC 780 [01 ],7,20
2404,Spring 2019,CSC 810 [01 ],19,20
2405,Spring 2019,CSC 831 [01 ],6,10
2406,Spring 2019,CSC 841 [01 ],0,5
2407,Spring 2019,CSC 845 [01 ],9,20
2408,Spring 2019,CSC 848 [01 ],2,5
2409,Spring 2019,CSC 848 [02 ],7,5
2410,Spring 2019,CSC 848 [03 ],4,5
2411,Spring 2019,CSC 848 [04 ],3,5
2412,Spring 2019,CSC 849 [01 ],9,20
2413,Spring 2019,CSC 867 [01 ],4,5
2414,Spring 2019,CSC 867 [02 ],7,5
2415,Spring 2019,CSC 868 [01 ],3,5
2416,Spring 2019,CSC 869 [01 ],16,20
2417,Spring 2019,CSC 874 [01 ],9,20
2418,Spring 2019,CSC 890 [01 ],5,20
2419,Spring 2019,CSC 890 [02 ],15,20
2420,Spring 2019,CSC 893 [01 ],0,15
2421,Spring 2019,CSC 895 [01 ],0,5
2422,Spring 2019,CSC 897 [01 ],0,5
2423,Spring 2019,CSC 898 [01 ],0,5
2424,Spring 2019,CSC 899 [01 ],0,10
2425,Spring 2019,CSC 810 [01 ],19,20
2426,Spring 2019,CSC 831 [01 ],6,10
2427,Spring 2019,CSC 841 [01 ],0,5
2428,Spring 2019,CSC 845 [01 ],9,20
2429,Spring 2019,CSC 848 [01 ],2,5
2430,Spring 2019,CSC 848 [02 ],7,5
2431,Spring 2019,CSC 848 [03 ],4,5
2432,Spring 2019,CSC 848 [04 ],3,5
2433,Spring 2019,CSC 849 [01 ],9,20
2434,Spring 2019,CSC 867 [01 ],4,5
2435,Spring 2019,CSC 867 [02 ],7,5
2436,Spring 2019,CSC 868 [01 ],3,5
2437,Spring 2019,CSC 869 [01 ],16,20
2438,Spring 2019,CSC 874 [01 ],9,20
2439,Spring 2019,CSC 890 [01 ],5,20
2440,Spring 2019,CSC 890 [02 ],15,20
2441,Spring 2019,CSC 893 [01 ],0,15
2442,Spring 2019,CSC 895 [01 ],0,5
2443,Spring 2019,CSC 897 [01 ],0,5
2444,Spring 2019,CSC 898 [01 ],0,5
2445,Spring 2019,CSC 899 [01 ],0,10
2446,Spring 2019,CSC 810 [01 ],19,20
2447,Spring 2019,CSC 831 [01 ],6,10
2448,Spring 2019,CSC 841 [01 ],0,5
2449,Spring 2019,CSC 845 [01 ],9,20
2450,Spring 2019,CSC 848 [01 ],2,5
2451,Spring 2019,CSC 848 [02 ],7,5
2452,Spring 2019,CSC 848 [03 ],4,5
2453,Spring 2019,CSC 848 [04 ],3,5
2454,Spring 2019,CSC 849 [01 ],9,20
2455,Spring 2019,CSC 867 [01 ],4,5
2456,Spring 2019,CSC 867 [02 ],7,5
2457,Spring 2019,CSC 868 [01 ],3,5
2458,Spring 2019,CSC 869 [01 ],16,20
2459,Spring 2019,CSC 874 [01 ],9,20
2460,Spring 2019,CSC 890 [01 ],5,20
2461,Spring 2019,CSC 890 [02 ],15,20
2462,Spring 2019,CSC 893 [01 ],0,15
2463,Spring 2019,CSC 895 [01 ],0,5
2464,Spring 2019,CSC 897 [01 ],0,5
2465,Spring 2019,CSC 898 [01 ],0,5
2466,Spring 2019,CSC 899 [01 ],0,10
2467,Fall 2019,CSC 110 [01 ],23,45
2468,Fall 2019,CSC 210 [01 ],50,45
2469,Fall 2019,CSC 210 [02 ],40,40
2470,Fall 2019,CSC 210 [03 ],51,49
2471,Fall 2019,CSC 210 [04 ],42,45
2472,Fall 2019,CSC 210 [05 ],40,40
2473,Fall 2019,CSC 210 [06 ],43,45
2474,Fall 2019,CSC 210 [07 ],39,45
2475,Fall 2019,CSC 211 [01 ],37,40
2476,Fall 2019,CSC 211 [02 ],34,40
2477,Fall 2019,CSC 211 [03 ],36,40
2478,Fall 2019,CSC 211 [04 ],34,40
2479,Fall 2019,CSC 211 [05 ],34,40
2480,Fall 2019,CSC 211 [06 ],12,40
2481,Fall 2019,CSC 220 [01 ],44,45
2482,Fall 2019,CSC 220 [02 ],43,45
2483,Fall 2019,CSC 220 [03 ],45,45
2484,Fall 2019,CSC 220 [04 ],43,45
2485,Fall 2019,CSC 220 [05 ],33,40
2486,Fall 2019,CSC 220 [06 ],28,45
2487,Fall 2019,CSC 230 [01 ],48,45
2488,Fall 2019,CSC 230 [02 ],45,45
2489,Fall 2019,CSC 230 [03 ],47,45
2490,Fall 2019,CSC 230 [04 ],34,45
2491,Fall 2019,CSC 230 [05 ],19,45
2492,Fall 2019,CSC 256 [01 ],42,50
2493,Fall 2019,CSC 256 [02 ],58,50
2494,Fall 2019,CSC 256 [03 ],33,50
2495,Fall 2019,CSC 300GW [01 ],30,25
2496,Fall 2019,CSC 300GW [02 ],30,25
2497,Fall 2019,CSC 300GW [03 ],29,25
2498,Fall 2019,CSC 300GW [04 ],29,25
2499,Fall 2019,CSC 300GW [05 ],27,25
2500,Fall 2019,CSC 306 [01 ],26,49
2501,Fall 2019,CSC 307 [01 ],10,45
2502,Fall 2019,CSC 317 [01 ],57,49
2503,Fall 2019,CSC 317 [02 ],68,49
2504,Fall 2019,CSC 340 [01 ],43,45
2505,Fall 2019,CSC 340 [02 ],43,45
2506,Fall 2019,CSC 340 [03 ],39,40
2507,Fall 2019,CSC 340 [04 ],43,45
2508,Fall 2019,CSC 340 [05 ],40,40
2509,Fall 2019,CSC 413 [01 ],40,40
2510,Fall 2019,CSC 413 [02 ],50,40
2511,Fall 2019,CSC 413 [03 ],53,40
2512,Fall 2019,CSC 413 [04 ],44,40
2513,Fall 2019,CSC 413 [05 ],39,40
2514,Fall 2019,CSC 415 [01 ],42,45
2515,Fall 2019,CSC 415 [02 ],47,45
2516,Fall 2019,CSC 415 [03 ],46,45
2517,Fall 2019,CSC 510 [01 ],44,40
2518,Fall 2019,CSC 510 [02 ],41,40
2519,Fall 2019,CSC 510 [03 ],43,40
2520,Fall 2019,CSC 520 [01 ],30,40
2521,Fall 2019,CSC 600 [01 ],80,80
2522,Fall 2019,CSC 600 [02 ],80,80
2523,Fall 2019,CSC 615 [01 ],17,40
2524,Fall 2019,CSC 620 [01 ],36,35
2525,Fall 2019,CSC 642 [01 ],31,35
2526,Fall 2019,CSC 645 [01 ],42,70
2527,Fall 2019,CSC 648 [01 ],39,35
2528,Fall 2019,CSC 648 [02 ],34,35
2529,Fall 2019,CSC 648 [03 ],34,35
2530,Fall 2019,CSC 648 [04 ],26,35
2531,Fall 2019,CSC 651 [01 ],46,40
2532,Fall 2019,CSC 656 [01 ],33,45
2533,Fall 2019,CSC 664 [01 ],23,30
2534,Fall 2019,CSC 665 [01 ],39,40
2535,Fall 2019,CSC 667 [01 ],46,35
2536,Fall 2019,CSC 667 [02 ],24,35
2537,Fall 2019,CSC 675 [01 ],37,45
2538,Fall 2019,CSC 675 [02 ],37,45
2539,Fall 2019,CSC 675 [03 ],43,40
2540,Fall 2019,CSC 690 [01 ],48,40
2541,Fall 2019,CSC 694 [01 ],0,36
2542,Fall 2019,CSC 698 [04 ],38,40
2543,Fall 2019,CSC 699 [01 ],1,15
2544,Fall 2019,CSC 720 [01 ],13,20
2545,Fall 2019,CSC 775 [01 ],10,10
2546,Fall 2019,CSC 775 [02 ],5,5
2547,Fall 2019,CSC 775 [03 ],5,5
2548,Fall 2019,CSC 780 [01 ],7,20
2549,Fall 2019,CSC 810 [01 ],20,20
2550,Fall 2019,CSC 820 [01 ],2,5
2551,Fall 2019,CSC 847 [01 ],14,20
2552,Fall 2019,CSC 848 [01 ],5,5
2553,Fall 2019,CSC 848 [02 ],5,5
2554,Fall 2019,CSC 848 [03 ],5,5
2555,Fall 2019,CSC 848 [04 ],3,5
2556,Fall 2019,CSC 864 [01 ],2,10
2557,Fall 2019,CSC 867 [01 ],8,5
2558,Fall 2019,CSC 867 [02 ],1,5
2559,Fall 2019,CSC 872 [01 ],22,20
2560,Fall 2019,CSC 876 [01 ],7,20
2561,Fall 2019,CSC 890 [01 ],2,20
2562,Fall 2019,CSC 890 [02 ],3,20
2563,Fall 2019,CSC 890 [03 ],7,20
2564,Fall 2019,CSC 895 [01 ],0,0
2565,Fall 2019,CSC 895 [16 ],0,7
2566,Fall 2019,CSC 897 [01 ],0,24
2567,Fall 2019,CSC 898 [01 ],0,0
2568,Fall 2019,CSC 898 [13 ],0,5
2569,Fall 2019,CSC 898 [14 ],0,5
2570,Fall 2019,CSC 898 [15 ],0,5
2571,Fall 2019,CSC 898 [01 ],0,0
2572,Fall 2019,CSC 898 [13 ],0,5
2573,Fall 2019,CSC 898 [14 ],0,5
2574,Fall 2019,CSC 898 [15 ],0,5
